nom_hotel;total_negatifs;total_positifs;moyenne_reviews;total_reviews;note_booking;pays
Hotel Royal Elys es;509;469;9;45;7;France
Villa Lut ce Port Royal;1528;509;8;47;7;France
Best Western Plus de Neuville Arc de Triomphe;1406;1314;10;71;8;France
Best Western Premier Trocadero La Tour;749;1020;9,444444444;52;8;France
Crowne Plaza Paris R publique;3486;2830;8,875;212;8;France
Eiffel Trocad ro;2970;2292;8,75;128;8;France
Holiday Inn Paris Elys es;1150;860;9,75;63;8;France
Le Lavoisier;217;107;10;12;8;France
Le M ridien Etoile;1319;901;8,666666667;91;8;France
Mercure Paris 15 Porte de Versailles;419;445;9,166666667;25;8;France
Mercure Paris Centre Tour Eiffel;15384;10696;9,37037037;771;8;France
Mercure Paris Notre Dame Saint Germain des Pr s;1412;1352;9,333333333;75;8;France
Mercure Paris Opera Grands Boulevards;1161;1399;10;65;8;France
Mercure Paris Tour Eiffel Pont Mirabeau;1330;1255;8,5;70;8;France
Royal Saint Michel;5398;5806;9,444444444;284;8;France
Saint James Albany Paris Hotel Spa;16922;11255;9,323308271;700;8;France
Acad mie H tel Saint Germain;3906;5514;9,887640449;255;9;France
Artus Hotel by MH;473;1085;10;58;9;France
BoB Hotel by Elegancia;1354;1881;10;49;9;France
COQ Hotel Paris;3457;6647;10;258;9;France
H tel Barri re Le Fouquet s;325;385;9,5;35;9;France
H tel Baume;2498;4148;10;176;9;France
H tel Crayon Rouge by Elegancia;1558;2061;10;82;9;France
H tel de Jos phine BONAPARTE;820;2032;9,852941176;76;9;France
H tel Duc De St Simon;1097;2325;9,902439024;115;9;France
H tel La Comtesse by Elegancia;1392;2870;10;111;9;France
H tel Recamier;375;737;10;44;9;France
H tel Regina;5130;8630;9,892086331;372;9;France
H tel Th r se;1475;2828;10;132;9;France
Hotel de Nell;1046;1693;9,777777778;81;9;France
Hotel La Lanterne;1747;2430;9,8125;96;9;France
Hotel Monsieur;2625;4369;9,963636364;180;9;France
La Clef Tour Eiffel;4073;5931;9,956521739;315;9;France
Le Cinq Codet;4879;5037;9,880952381;257;9;France
Le Grey Hotel;792;1298;10;76;9;France
Le Pavillon des Lettres;415;770;10;40;9;France
Le Pigalle Hotel;680;1031;10;42;9;France
Le Roch Hotel Spa;330;597;10;23;9;France
Prince de Galles a Luxury Collection hotel Paris;468;349;9,545454545;40;9;France
Snob Hotel by Elegancia;1154;1589;10;60;9;France
Terrass H tel Montmartre by MH;2699;4787;9,93902439;201;9;France
Villa Eugenie;1474;616;5;62;6,8;France
Holiday Inn Paris Montparnasse Pasteur;1405;438;8,333333333;37;7,1;France
Hyatt Regency Paris Etoile;20721;11803;8,246575342;874;7,1;France
Amarante Beau Manoir;3907;2359;8;159;7,2;France
Best Western Hotel Montmartre Sacr Coeur;6733;4847;8;266;7,2;France
H tel De Castiglione;5707;3316;8,193548387;201;7,2;France
Kube Hotel Ice Bar;737;290;9;19;7,2;France
Mercure Paris Champs Elys es;969;512;8,75;39;7,2;France
Royal Garden Champs Elysees;4647;2749;8,947368421;202;7,3;France
Villa Alessandra;517;303;7,5;26;7,3;France
Mercure Paris Terminus Nord;26735;22105;8,804232804;1459;7,4;France
Novotel Suites Paris Nord 18 me;5210;2376;8,4375;180;7,4;France
Radisson Blu Champs Elys es Paris;2207;1634;9,25;152;7,4;France
Auteuil Tour Eiffel;4059;3319;8,153846154;196;7,5;France
Best Western Amiral Hotel;2471;2150;8,214285714;119;7,5;France
Holiday Inn Paris Gare Montparnasse;6622;4237;8,619047619;331;7,5;France
Hotel Astor Saint Honor ;594;387;10;24;7,5;France
Hotel De Vigny;1229;872;9,933333333;63;7,5;France
Le Grand H tel de Normandie;1217;518;10;30;7,5;France
Mercure Paris 19 Philharmonie La Villette;1627;1116;7,5;54;7,5;France
Mercure Paris Op ra Faubourg Montmartre;761;377;8;33;7,5;France
Mercure Paris Porte d Orleans;174;187;5;10;7,5;France
Paris Marriott Rive Gauche Hotel;977;520;8,75;46;7,5;France
Victoires Opera;845;459;8,333333333;47;7,5;France
Best Western Le 18 Paris;1776;1479;9,166666667;86;7,6;France
Best Western Op ra Batignolles;1761;1438;9,352941176;101;7,6;France
Best Western Paris Gare Saint Lazare;2169;1178;9,375;78;7,6;France
Forest Hill Paris la Villette;5164;3780;9,111111111;239;7,6;France
Mercure Paris Gobelins Place d Italie;288;318;10;24;7,6;France
Novotel Paris Centre Tour Eiffel;11179;7745;9,054794521;497;7,6;France
Novotel Paris Vaugirard Montparnasse;5208;3794;8,833333333;216;7,6;France
Novotel Suites Paris Montreuil Vincennes;4907;2549;8,64;192;7,6;France
Villa Montparnasse;879;891;8;52;7,6;France
1K Hotel;3690;2309;9,217391304;148;7,7;France
Amarante Champs Elys es;1974;1156;8,95;102;7,7;France
Belfast;1113;1771;9,583333333;86;7,7;France
Best Western Bretagne Montparnasse;3057;3122;8,958333333;188;7,7;France
Best Western Ducs de Bourgogne;3714;2488;8,344827586;142;7,7;France
Best Western Plus 61 Paris Nation Hotel;1559;1621;8,75;74;7,7;France
Best Western Plus Elys e Secret;2205;1863;9,125;111;7,7;France
H tel des Ducs D Anjou;2758;1915;8,823529412;108;7,7;France
Mercure Paris Porte De Versailles Expo;692;541;9,375;40;7,7;France
Best Western Allegro Nation;1141;473;7,571428571;37;7,8;France
Best Western Aulivia Op ra;1844;1736;8,444444444;100;7,8;France
Best Western Mercedes Arc de Triomphe;1084;1419;9,375;58;7,8;France
Best Western S vres Montparnasse;3401;3145;9,322580645;188;7,8;France
Hotel Carlton s Montmartre;1822;1480;8,357142857;90;7,8;France
Hotel Le Pera;431;233;10;22;7,8;France
Mercure Paris Gare Montparnasse;537;628;8,75;37;7,8;France
Millennium Hotel Paris Opera;2383;1892;10;125;7,8;France
TRYP Paris Op ra;1264;987;9,545454545;71;7,8;France
Best Western Tour Eiffel Invalides;1518;1222;8,5;74;7,9;France
H tel Concorde Montparnasse;13072;9994;9,057692308;692;7,9;France
H tel Regina Op ra Grands Boulevards;1121;975;9,166666667;44;7,9;France
H tel Victor Hugo Paris Kl ber;786;749;10;48;7,9;France
Holiday Inn Paris Gare de l Est;21555;16907;9,297979798;1129;7,9;France
Hotel Elys es Bassano;1938;1546;9,933333333;121;7,9;France
Hotel Monceau Wagram;2657;2322;9,285714286;110;7,9;France
InterContinental Paris Avenue Marceau;660;580;8,75;45;7,9;France
Le Dokhan s a Tribute Portfolio Hotel;1366;1185;9,25;68;7,9;France
Mercure Paris 17 me Saint Lazare Monceau;189;233;10;19;7,9;France
Mercure Paris Arc de Triomphe Etoile;320;291;10;21;7,9;France
Mercure Paris Bastille Saint Antoine;426;298;10;22;7,9;France
Mercure Paris Gare De Lyon TGV;7220;6415;9,029411765;411;7,9;France
Mercure Paris Place d Italie;441;289;8,75;27;7,9;France
Novotel Paris 17;2051;1353;8,916666667;101;7,9;France
Paris Marriott Champs Elysees Hotel;1603;944;8,421052632;94;7,9;France
Paris Marriott Opera Ambassador Hotel;1114;689;9,545454545;66;7,9;France
Renaissance Paris Vendome Hotel;337;395;8,75;14;7,9;France
Royal Hotel Champs Elys es;3986;2532;8,512820513;210;7,9;France
Best Western Nouvel Orl ans Montparnasse;3677;4052;9,48;174;8,1;France
Best Western Premier Louvre Saint Honor ;4399;3642;9,5;205;8,1;France
Best Western Premier Op ra Faubourg Ex Hotel Jules ;5812;5741;9,375;323;8,1;France
H tel Beauchamps;5152;4422;9,569230769;289;8,1;France
H tel Jos phine by Happyculture;1480;1740;9,545454545;76;8,1;France
H tel Montmartre Mon Amour;1131;1309;9,235294118;63;8,1;France
Holiday Inn Paris Saint Germain des Pr s;4075;3963;9,836363636;234;8,1;France
Hotel Claridge Paris;2806;2497;9,6875;187;8,1;France
Hotel des Tuileries Relais du Silence;2099;1457;9,736842105;91;8,1;France
Hotel du Collectionneur Arc de Triomphe;5791;4784;9,444444444;337;8,1;France
Hotel Montaigne;2206;1359;8,125;89;8,1;France
La Villa Royale;1722;2120;9,571428571;76;8,1;France
Les Jardins Du Marais;4507;3275;9,111111111;156;8,1;France
Melia Paris Tour Eiffel;832;729;9,25;53;8,1;France
Mercure Paris Bastille Marais;775;647;8,333333333;34;8,1;France
Mercure Paris Opera Garnier;1485;1455;10;90;8,1;France
Mercure Paris Opera Louvre;2589;1787;10;94;8,1;France
Novotel Paris Centre Gare Montparnasse;4566;4220;9,342105263;247;8,1;France
Op ra Marigny;3080;1940;9,130434783;115;8,1;France
Pullman Paris Montparnasse;5933;3765;9,571428571;266;8,1;France
Renaissance Paris Le Parc Trocadero Hotel;370;464;10;26;8,1;France
Suites H tel Helzear Montparnasse;2748;1773;9,6;78;8,1;France
The Westin Paris Vend me;2091;1401;9,473684211;111;8,1;France
Villa Beaumarchais;5524;6300;9,528301887;295;8,1;France
Villa Panth on;5297;5119;9,25862069;276;8,1;France
Warwick Paris Former Warwick Champs Elysees ;6222;4825;9,233333333;411;8,1;France
Westside Arc de Triomphe Hotel;5637;6222;9,816901408;293;8,1;France
Atala Champs Elys es;478;371;9,285714286;29;8,2;France
Elys es R gencia;3741;4589;9,423076923;276;8,2;France
Gardette Park Hotel;3136;3897;9,275862069;179;8,2;France
H tel California Champs Elys es;4441;3313;9,413793103;275;8,2;France
H tel Etoile Saint Honor by Happyculture;2609;3818;9,515151515;152;8,2;France
H tel Le M;2060;2532;9,230769231;131;8,2;France
Holiday Inn Paris Op ra Grands Boulevards;2217;1880;9,411764706;110;8,2;France
Hotel Duminy Vendome;2674;2552;9,6;150;8,2;France
Hotel Le Chat Noir;2385;2633;9,166666667;129;8,2;France
Hotel Les Bulles De Paris;3510;2813;9,4;159;8,2;France
Hotel Les Th tres;2208;2705;9,75;123;8,2;France
Hotel Trianon Rive Gauche;3621;4789;9,794871795;218;8,2;France
L Edmond H tel;307;434;10;20;8,2;France
L Hotel Pergol se Paris;3339;3580;9,575757576;195;8,2;France
Little Palace Hotel;6145;6449;9,758064516;303;8,2;France
Mercure Paris Montparnasse Raspail;1499;1522;9,583333333;79;8,2;France
Montfleuri;3222;3482;9,902439024;228;8,2;France
Oceania Paris Porte De Versailles;5438;4653;9,285714286;273;8,2;France
Pershing Hall;194;130;10;14;8,2;France
Suites H tel Helzear Champs Elys es;4774;4186;9,877192982;227;8,2;France
W Paris Op ra;830;470;9,090909091;40;8,2;France
Bassano;1956;1337;9,545454545;100;8,3;France
Best Western Premier Le Swann;1627;1648;8,888888889;91;8,3;France
Best Western Premier Marais Grands Boulevards;4515;4161;9,72972973;232;8,3;France
Etoile Saint Ferdinand;1581;2171;9,444444444;99;8,3;France
First Hotel Paris Tour Eiffel;1533;1439;9,071428571;72;8,3;France
Golden Tulip Washington Opera;1506;1460;9,285714286;102;8,3;France
H tel Balzac;2566;2234;9,529411765;166;8,3;France
H tel Belloy Saint Germain By Happyculture;1399;1926;9,933333333;82;8,3;France
H tel Cristal Champs Elys es;939;1433;9,975;127;8,3;France
H tel Diva Opera;4492;3767;9,477272727;233;8,3;France
Holiday Inn Paris Gare de Lyon Bastille;5308;6508;9,52;395;8,3;France
Holiday Inn Paris Montmartre;809;1175;9,846153846;55;8,3;France
Holiday Inn Paris Notre Dame;5109;6147;9,846153846;301;8,3;France
Hotel Cambon;694;851;10;55;8,3;France
Hotel du Louvre in the Unbound Collection by Hyatt;5010;4712;9,517857143;286;8,3;France
Hotel Eug ne en Ville;4794;4053;9,565217391;191;8,3;France
Hotel Le Squara;2217;2338;9,75;122;8,3;France
Hotel Mercure La Sorbonne Saint Germain des Pr s;998;1413;10;80;8,3;France
Hotel Tour d Auvergne Opera;741;468;10;25;8,3;France
Le Belmont Champs Elys es;1762;1469;9,047619048;83;8,3;France
Le Metropolitan a Tribute Portfolio Hotel;1162;1249;9,5;66;8,3;France
Le Relais M dicis;718;700;10;30;8,3;France
Le Senat;1539;2081;9,428571429;120;8,3;France
Melia Paris Champs Elys es;140;166;5;15;8,3;France
Mercure Paris Pigalle Sacre Coeur;1647;1229;9,230769231;65;8,3;France
Mercure Tour Eiffel Grenelle;750;808;8,857142857;39;8,3;France
Novotel Paris 14 Porte d Orl ans;428;755;10;27;8,3;France
Novotel Paris Centre Bercy;3128;2856;9;171;8,3;France
R Kipling by Happyculture;1600;1718;10;84;8,3;France
Sofitel Paris Baltimore Tour Eiffel;3174;1711;8,766666667;123;8,3;France
Timhotel Op ra Grands Magasins;1186;1326;9,153846154;79;8,3;France
Vice Versa;840;859;10;59;8,3;France
Victoria Palace Hotel;464;293;10;24;8,3;France
Windsor Opera;545;441;10;34;8,3;France
Arioso;651;698;10;38;8,4;France
Banke H tel;2518;2352;9,680851064;159;8,4;France
Best Western Premier Faubourg 88;2870;4179;9,771428571;179;8,4;France
Duret;447;472;8,888888889;38;8,4;France
H tel des Champs Elys es;1797;2967;9,901960784;183;8,4;France
H tel F licien by Elegancia;1508;1434;9,642857143;66;8,4;France
H tel Westminster;5698;6152;9,811764706;313;8,4;France
Hilton Paris Opera;2278;2139;9,791666667;109;8,4;France
Hotel Astra Opera Astotel;397;719;9;34;8,4;France
Hotel Le Placide Saint Germain Des Pr s;509;899;10;24;8,4;France
Hotel Louis 2;648;1031;9,642857143;55;8,4;France
Hotel Louvre Montana;747;1218;10;66;8,4;France
Hotel OFF Paris Seine;2435;1929;8,866666667;79;8,4;France
Hotel Pulitzer Paris;3361;3581;9,184210526;200;8,4;France
Hotel Sezz Paris;254;357;10;24;8,4;France
K K H tel Cayr Saint Germain des Pr s;6183;6333;9,657534247;326;8,4;France
Madeleine Plaza;1488;2120;9,4;138;8,4;France
Maison Albar H tel Paris Champs Elys es ex Mac Mahon ;2812;1970;9,318181818;159;8,4;France
Maxim Op ra;1039;580;9,833333333;35;8,4;France
Melia Paris Vendome;674;872;10;51;8,4;France
Mercure Paris Alesia;1790;1488;9,615384615;74;8,4;France
Mercure Paris Bercy Biblioth que;2058;2319;9,388888889;125;8,4;France
Mercure Paris Montmartre Sacr Coeur;5758;4796;9,649122807;269;8,4;France
Monhotel Lounge SPA;529;1117;10;35;8,4;France
Novotel Paris Les Halles;10360;9542;9,758333333;523;8,4;France
Renaissance Paris Arc de Triomphe Hotel;962;792;10;48;8,4;France
Residence Du Roy;3335;4064;9,891304348;222;8,4;France
Timhotel Op ra Blanche Fontaine;1795;2124;9,538461538;93;8,4;France
Trinit Haussmann;2109;1425;9,9;61;8,4;France
Villa Opera Drouot;1640;2172;9,375;96;8,4;France
Waldorf Madeleine;3928;4806;9,757575758;281;8,4;France
AC Hotel Paris Porte Maillot by Marriott;899;1405;9,6875;75;8,5;France
Best Western Le Jardin de Cluny;1526;2248;9,6875;120;8,5;France
Chateau Frontenac;2150;2467;9,866666667;188;8,5;France
Garden Elys e;1274;1062;10;75;8,5;France
H tel De Sers Champs Elys es Paris;1207;1329;9,782608696;80;8,5;France
H tel France d Antin Op ra;570;805;9,833333333;30;8,5;France
H tel Horset Op ra Best Western Premier Collection;2236;3570;9,743589744;199;8,5;France
H tel La Parizienne by Elegancia;2466;2877;10;124;8,5;France
H tel Mayfair Paris;809;972;10;51;8,5;France
H tel Powers;3174;3890;9,421875;237;8,5;France
H tel Waldorf Trocad ro;1009;1274;10;74;8,5;France
Hotel Eden;1042;1220;10;70;8,5;France
Hotel Le Saint Gregoire;167;290;10;20;8,5;France
Hotel Montalembert;592;861;10;44;8,5;France
Hotel Opera Cadet;655;1242;9,375;65;8,5;France
Hotel Oscar;1375;1618;9,68;84;8,5;France
Hotel Plaza Elys es;1420;1795;9,827586207;105;8,5;France
Hotel Square;549;569;9;28;8,5;France
La Tremoille Paris;838;852;9,565217391;76;8,5;France
Le 7 Eiffel Hotel;1178;1320;9,821428571;76;8,5;France
Le Marcel;1063;1598;9,666666667;72;8,5;France
Mercure Vaugirard Paris Porte De Versailles;1989;1939;9,807692308;106;8,5;France
Napoleon Paris;3105;2950;9,826923077;234;8,5;France
Novotel Paris Gare De Lyon;9719;10050;9,472;566;8,5;France
Plaza Tour Eiffel;936;1210;9,736842105;67;8,5;France
Renaissance Paris Republique Hotel Spa;123;160;10;13;8,5;France
Rochester Champs Elysees;2284;1993;9,43902439;149;8,5;France
Seven Hotel;600;960;10;48;8,5;France
Sofitel Paris Le Faubourg;2021;2370;9,947368421;137;8,5;France
Au Manoir Saint Germain;2168;3089;10;166;8,6;France
Best Western Premier Op ra Opal;1771;2129;9,714285714;141;8,6;France
Franklin Roosevelt;1298;1482;10;88;8,6;France
Golden Tulip Opera de Noailles;1853;3114;10;154;8,6;France
H tel Bedford;6062;6230;9,813559322;376;8,6;France
H tel Bel Ami;1846;1689;9,970588235;105;8,6;France
H tel Duo;3594;4241;9,818181818;221;8,6;France
H tel Hor;4002;7511;9,631578947;330;8,6;France
H tel Juliana Paris;3352;2944;9,901960784;169;8,6;France
H tel Mansart Esprit de France;1415;2106;9,555555556;116;8,6;France
H tel Pont Royal;1351;1307;10;62;8,6;France
H tel Vernet;1702;1469;10;106;8,6;France
Hotel Les Rives de Notre Dame;698;1828;10;72;8,6;France
Hotel Mademoiselle;3123;4377;9,777777778;201;8,6;France
Hotel Odeon Saint Germain;2207;2992;9,956521739;167;8,6;France
Hotel Panache;1290;1615;9,25;82;8,6;France
Hotel Scribe Paris Opera by Sofitel;1959;2309;9,857142857;135;8,6;France
L Empire Paris;1770;2381;9,8125;119;8,6;France
La Villa des Ternes;1558;2698;9,95;144;8,6;France
Le Littr ;673;881;10;44;8,6;France
Le Marceau Bastille;2596;2976;9,62962963;150;8,6;France
Le Mathurin Hotel Spa;2328;2763;9,307692308;158;8,6;France
Le Parisis Paris Tour Eiffel;7853;10287;9,904458599;428;8,6;France
Les Matins de Paris Spa;1994;1831;10;63;8,6;France
MARQUIS Faubourg St Honor Relais Ch teaux;581;360;9,166666667;13;8,6;France
Platine Hotel Spa;1441;2479;9,918918919;113;8,6;France
Pullman Paris Tour Eiffel;19822;14821;9,651515152;846;8,6;France
Royal Saint Honore;1592;2381;9,727272727;136;8,6;France
Balmoral Champs Elys es;1075;2548;10;114;8,7;France
Best Western Premier Op ra Li ge;2146;2481;9,857142857;129;8,7;France
Castille Paris Starhotels Collezione;2949;2731;9,727272727;163;8,7;France
Francois 1er;1626;1943;9,84375;136;8,7;France
Golden Tulip Bercy Gare de Lyon 209;2096;3608;9,837209302;168;8,7;France
H tel Arvor Saint Georges;1627;2545;10;106;8,7;France
H tel Brighton Esprit de France;4586;6476;9,893333333;284;8,7;France
H tel Champs lys es Plaza;583;1304;10;65;8,7;France
H tel Chaplain Paris Rive Gauche;1352;3074;10;133;8,7;France
H tel de Banville;1491;2755;9,861111111;104;8,7;France
H tel de Varenne;1242;2143;9,851851852;95;8,7;France
H tel De Vend me;1126;1049;9,62962963;89;8,7;France
H tel Du Jeu De Paume;1599;2788;9,833333333;106;8,7;France
H tel Elysees Mermoz;1040;1934;9,696969697;107;8,7;France
H tel Le Bellechasse Saint Germain;792;1489;9,772727273;71;8,7;France
H tel Le Marianne;666;842;9,230769231;56;8,7;France
H tel Mathis Elys es;2797;3677;9,916666667;194;8,7;France
H tel Monna Lisa Champs Elys es;1240;1907;9,95;92;8,7;France
H tel Raphael;987;1402;10;78;8,7;France
H tel San R gis;1286;1387;9,785714286;74;8,7;France
Hotel Atmospheres;2393;3206;10;155;8,7;France
Hotel Champs Elys es Friedland by Happyculture;830;2280;9,864864865;105;8,7;France
Hotel Chavanel;190;228;10;14;8,7;France
Hotel Lumen Paris Louvre;845;1588;10;70;8,7;France
Hotel Maison FL;1325;1845;9,736842105;102;8,7;France
Hotel Marignan Champs Elys es;3623;2246;9,722222222;162;8,7;France
Hotel Park Lane Paris;1931;3293;9,720930233;154;8,7;France
Hotel Saint Dominique;1678;2947;10;121;8,7;France
Hotel Verneuil Saint Germain;1013;1162;9,75;75;8,7;France
Le Relais Madeleine;1005;1434;9,791666667;87;8,7;France
Majestic Hotel Spa;469;778;9,538461538;38;8,7;France
Melia Paris Notre Dame;1200;1133;10;54;8,7;France
Monsieur Cadet Hotel Spa Ex Meyerhold Spa ;1026;1274;9,863636364;62;8,7;France
Phileas Hotel;3549;3562;9,842105263;192;8,7;France
Pullman Paris Centre Bercy;3305;4384;9,835820896;224;8,7;France
Relais Saint Jacques;1451;2274;10;120;8,7;France
The Chess Hotel;3621;4518;10;235;8,7;France
Villa d Estr es;477;697;10;29;8,7;France
9Hotel Republique;3102;3539;9,716981132;183;8,8;France
A La Villa Madame;347;805;10;41;8,8;France
Amp re;2260;3172;9,933333333;172;8,8;France
Buddha Bar Hotel Paris;1849;1415;9,358974359;117;8,8;France
D clic Hotel;787;1174;10;59;8,8;France
Grand Hotel Saint Michel;1802;4084;9,884615385;155;8,8;France
H tel de la Bourdonnais;5258;7701;9,947916667;362;8,8;France
H tel des Academies et des Arts;435;1211;9,5;50;8,8;France
H tel du Minist re;3355;4308;9,892857143;206;8,8;France
H tel Gustave;3064;3704;9,977272727;165;8,8;France
H tel Lancaster Paris Champs Elys es;1160;1497;9,869565217;80;8,8;France
H tel Le Walt;706;1740;10;63;8,8;France
H tel Les Dames du Panth on;1063;1607;10;70;8,8;France
H tel Madison by MH;1314;1873;9,739130435;101;8,8;France
H tel Paris Bastille Boutet MGallery by Sofitel;1026;1238;10;63;8,8;France
Hotel Ares Eiffel;3005;4630;9,824324324;212;8,8;France
Hotel Bachaumont;1994;2940;9,901960784;156;8,8;France
Hotel Daniel Paris;255;184;10;12;8,8;France
Hotel Des Saints Peres Esprit de France;1424;1814;9,857142857;105;8,8;France
Hotel Georgette;1094;1250;9,523809524;51;8,8;France
Hotel Le petit Paris;737;1109;9,8;57;8,8;France
Hotel Maison Ath n e;1507;1903;10;91;8,8;France
Hotel Stendhal Place Vend me Paris MGallery by Sofitel;153;599;10;29;8,8;France
Hotel Vignon;2042;2210;9,84375;119;8,8;France
Hotel Villa Lafayette Paris IX;306;942;10;25;8,8;France
Hotel West End;1671;3134;10;129;8,8;France
InterContinental Paris Le Grand;2061;2177;9,861111111;150;8,8;France
L H tel;969;1648;9,6875;79;8,8;France
La Maison Champs Elys es;977;1321;9,791666667;79;8,8;France
Le Marquis Eiffel;1527;2695;9,666666667;121;8,8;France
Le Pradey;903;1411;10;59;8,8;France
Le Saint Hotel Paris;713;738;9,333333333;42;8,8;France
Le Tourville Eiffel;2057;3070;9,916666667;140;8,8;France
Les Jardins De La Villa Spa;1316;2382;9,78125;108;8,8;France
Les Plumes Hotel;2041;3037;9,692307692;113;8,8;France
Maison Albar Hotel Paris Op ra Diamond;4893;5889;9,845360825;290;8,8;France
Molitor Paris MGallery by Sofitel;1100;1014;9,727272727;73;8,8;France
Nell Hotel Suites;440;682;10;45;8,8;France
Newhotel Roblin;4570;5433;9,873239437;271;8,8;France
Novotel Suites Paris Expo Porte de Versailles;3603;5206;9,784313725;228;8,8;France
Sofitel Paris Arc De Triomphe;2974;3629;9,507936508;194;8,8;France
Best Western Premier Kapital Op ra;4373;6797;9,879518072;277;8,9;France
Boutique H tel Konfidentiel;346;346;10;19;8,9;France
Chambiges Elys es;1964;3502;9,758064516;193;8,9;France
Derby Alma;1946;3221;10;140;8,9;France
Drawing Hotel;274;420;10;14;8,9;France
H tel Aiglon Esprit de France;2487;4675;9,850746269;202;8,9;France
H tel Bourgogne Montana by MH;2002;2932;10;127;8,9;France
H tel De Buci by MH;836;1292;9,958333333;58;8,9;France
H tel de Lille;1567;3527;10;144;8,9;France
H tel Exquis by Elegancia;2252;3642;9,891304348;157;8,9;France
H tel Original Paris;330;741;9,444444444;30;8,9;France
H tel Saint Paul Rive Gauche;519;1094;10;45;8,9;France
H tel Thoumieux;508;1447;10;37;8,9;France
Hotel L Antoine;1873;4389;9,9;171;8,9;France
Hotel Le Mareuil;409;1446;10;47;8,9;France
Hotel Le Sainte Beuve;890;1670;9,75;98;8,9;France
Hotel Les Bains Paris;377;661;10;35;8,9;France
Hotel Malte Astotel;331;517;10;26;8,9;France
Hotel Saint Petersbourg Opera;4885;7607;9,857142857;383;8,9;France
Hotel Spa La Belle Juliette;1187;1683;9,807692308;71;8,9;France
Hotel Villa Saxe Eiffel;1239;1902;9,952380952;80;8,9;France
La Villa Maillot;811;1512;9,615384615;77;8,9;France
Le A;1121;2006;9,861111111;91;8,9;France
Legend Saint Germain by Elegancia;1074;1747;10;78;8,9;France
Lyric H tel Paris;1039;2036;10;97;8,9;France
Maison Albar Hotel Paris C line;2344;1454;10;62;8,9;France
Park Hyatt Paris Vendome;327;446;10;29;8,9;France
Relais Du Louvre;866;2268;10;88;8,9;France
Relais H tel du Vieux Paris;1921;4775;9,915492958;156;8,9;France
Select Hotel;4142;5965;9,852272727;256;8,9;France
Splendid Etoile;1198;2661;10;127;8,9;France
XO Hotel;185;278;10;13;8,9;France
Bradford Elys es Astotel;953;2261;10;82;9,1;France
Edouard 7 Paris Op ra;2175;4267;9,910714286;184;9,1;France
Grand Pigalle Hotel;1768;3438;9,888888889;114;9,1;France
H tel Ad le Jules;1369;2126;9,852941176;89;9,1;France
H tel Amastan Paris;304;728;10;34;9,1;France
H tel Da Vinci Spa;1906;3896;9,886792453;146;9,1;France
H tel Keppler;907;1711;10;95;9,1;France
H tel L Echiquier Op ra Paris MGallery by Sofitel;1329;3572;9,9;139;9,1;France
H tel R de Paris Boutique Hotel;1554;3402;10;113;9,1;France
H tel Regent s Garden;961;1777;10;91;9,1;France
Hidden Hotel by Elegancia;743;2013;10;80;9,1;France
Hotel d Orsay Esprit de France;2210;5322;9,926315789;211;9,1;France
Hotel du Petit Moulin;698;1622;10;66;9,1;France
Hotel Indigo Paris Opera;1564;2220;10;115;9,1;France
Hotel La Villa Saint Germain Des Pr s;688;1063;10;51;9,1;France
Hotel le Lapin Blanc;2555;3444;10;152;9,1;France
Hotel Le Six;622;1652;10;63;9,1;France
Hotel Parc Saint Severin Esprit de France;1657;4001;9,901960784;162;9,1;France
Idol Hotel;1129;2494;9,880952381;104;9,1;France
Le Burgundy Paris;2597;2782;9,85106383;161;9,1;France
Le G n ral H tel;2135;3941;9,85106383;122;9,1;France
Mandarin Oriental Paris;347;282;10;21;9,1;France
My Home In Paris;1518;2198;10;82;9,1;France
Relais Christine;1427;1535;10;92;9,1;France
Residence Henri IV;2009;4935;10;171;9,1;France
B Montmartre;623;2123;10;90;9,2;France
Grand H tel Du Palais Royal;2533;5432;10;206;9,2;France
H tel Moli re;726;2885;10;124;9,2;France
Hotel de Seze;804;1613;10;80;9,2;France
Hotel Design Secret de Paris;1043;2571;10;93;9,2;France
Hotel Le 10 BIS;318;1014;10;49;9,2;France
Hotel Op ra Richepanse;2466;5219;9,945652174;242;9,2;France
Hotel Whistler;400;1010;9,545454545;28;9,2;France
La Maison Favart;1200;3198;9,905660377;127;9,2;France
La Villa Haussmann;868;796;10;41;9,2;France
Le 123 Elysees Astotel;546;1485;10;53;9,2;France
Le Pavillon de la Reine Spa;1220;2719;10;119;9,2;France
Okko Hotels Paris Porte De Versailles;782;1429;10;43;9,2;France
Four Seasons Hotel George V Paris;1028;2236;9,90625;121;9,3;France
H tel Fabric;883;2849;10;103;9,3;France
H tel Le Relais Saint Germain;420;1033;10;40;9,3;France
H tel Le Royal Monceau Raffles Paris;411;553;10;22;9,3;France
H tel Saint Marc;1136;2199;9,827586207;76;9,3;France
H tel Square Louvois;1159;2145;10;72;9,3;France
Hotel Dupond Smith;155;508;10;23;9,3;France
Hotel Plaza Athenee Paris;388;365;10;36;9,3;France
Le 123 S bastopol Astotel;1546;3492;10;130;9,3;France
Le Meurice;566;826;9,411764706;40;9,3;France
Le Relais Montmartre;1818;4454;9,828571429;182;9,3;France
Le Tsuba Hotel;672;1321;10;57;9,3;France
Maison Souquet;930;2312;9,886363636;91;9,3;France
Mill sime H tel;1690;4385;10;167;9,3;France
Shangri La Hotel Paris;679;841;10;46;9,3;France
Victoire Germain;679;1535;10;53;9,3;France
Goralska R sidences H tel Paris Bastille;388;936;10;24;9,4;France
H tel D Aubusson;2813;6603;9,992957746;294;9,4;France
Hotel Eiffel Blomet;117;574;10;15;9,4;France
Hotel Monge;954;3200;10;115;9,4;France
La Chambre du Marais;893;1933;10;88;9,4;France
Nolinski Paris;1179;2079;9,912280702;113;9,4;France
Splendide Royal Paris;194;464;10;16;9,4;France
Hotel The Peninsula Paris;608;1041;10;58;9,5;France
Le Narcisse Blanc Spa;629;1504;10;57;9,5;France
H tel de La Tamise Esprit de France;581;1555;10;61;9,6;France
Ritz Paris;302;622;10;28;9,8;France
AC Hotel Milano a Marriott Lifestyle Hotel;1374;1269;8,202777778;674;8,3;Italy
Acca Palace;3740;4514;8,590909091;2035;8,5;Italy
ADI Doria Grand Hotel;2231;2869;8,388435374;1706;8,3;Italy
ADI Hotel Poliziano Fiera;2923;2710;8,042990654;1114;8,2;Italy
Admiral Hotel;596;562;7,130769231;293;7,3;Italy
Andreola Central Hotel;3408;4388;8,3845;2369;8,3;Italy
Antares Hotel Accademia;647;647;8,53;214;8,4;Italy
Antares Hotel Rubens;1420;2524;8,471681416;1472;8,5;Italy
Antica Locanda Dei Mercanti;1138;2228;9,146341463;889;9;Italy
Armani Hotel Milano;1709;2136;9,130769231;1667;9,2;Italy
Art Hotel Navigli;5494;8099;8,774863388;3718;8,6;Italy
Atahotel Contessa Jolanda;2406;1728;7,398319328;1066;7,5;Italy
Atahotel Linea Uno;2098;2115;7,961344538;1152;8;Italy
Baglioni Hotel Carlton The Leading Hotels of the World;2098;2378;8,72875817;1515;8,8;Italy
Barcel Milan;6790;3241;7,718454936;2075;8,1;Italy
Best Western Antares Hotel Concorde;2645;2053;8,157983193;1103;8,1;Italy
Best Western Atlantic Hotel;4119;5364;8,356862745;3106;8,5;Italy
Best Western Hotel Ascot;4057;3240;7,552542373;2659;7,7;Italy
Best Western Hotel Astoria;479;790;8,462162162;280;7,7;Italy
Best Western Hotel City;2289;3432;8,528323699;1482;8,4;Italy
Best Western Hotel Major;808;1261;8,106849315;776;8,1;Italy
Best Western Hotel Mirage;1113;1541;8,45060241;983;8,5;Italy
Best Western Hotel St George;5499;5168;8,072893773;2764;8,1;Italy
Best Western Madison Hotel;5401;6717;8,494680851;4298;8,4;Italy
Best Western Plus Hotel Felice Casati;4874;5844;8,356953642;3774;8,4;Italy
Best Western Plus Hotel Galles;10966;11856;8,41223491;6092;8,5;Italy
Bianca Maria Palace Hotel;7596;11065;8,997115385;5816;9;Italy
Boscolo Milano Autograph Collection;4676;2249;7,658974359;1746;7,9;Italy
Brunelleschi Hotel;8238;7936;8,137132353;5609;8,3;Italy
Bulgari Hotel Milano;295;354;9,252941176;178;9,2;Italy
Ca Bianca Hotel Corte Del Naviglio;1393;1410;7,390123457;944;7,7;Italy
Camperio House Suites Apartments;1951;3097;9,082781457;1669;8,9;Italy
Carlyle Brera Hotel;2990;3631;8,245922747;3198;8,2;Italy
Ch teau Monfort Relais Ch teaux;3223;4083;8,973127753;2650;9;Italy
Colombia;1911;2853;8,167333333;2028;8,3;Italy
Crowne Plaza Milan City;2131;2945;8,417834395;1877;8,5;Italy
DoubleTree By Hilton Milan;1205;551;7,702439024;594;8,1;Italy
Enterprise Hotel Design Boutique;4026;5384;8,753813559;2956;8,5;Italy
Excelsior Hotel Gallia Luxury Collection Hotel;3512;6888;9,468387097;3043;9,4;Italy
Four Points Sheraton Milan Center;2132;2349;8,266911765;1264;8,2;Italy
Four Seasons Hotel Milano;915;501;8,788636364;287;9,1;Italy
Glam Milano;25676;30083;8,71588015;15441;8,8;Italy
Grand Hotel et de Milan;824;1249;8,997435897;763;9,1;Italy
Grand Visconti Palace;4122;3393;8,39787234;1942;8,6;Italy
Hilton Garden Inn Milan North;9038;7402;8,2725;4529;8,3;Italy
Hilton Milan;4407;3469;8,183261803;1873;8,2;Italy
Holiday Inn Milan Garibaldi Station;666;763;8,26122449;265;8,3;Italy
Hotel Auriga;3569;4276;8,07751938;3012;8,2;Italy
Hotel Berna;8562;27187;9,339828897;12657;9,2;Italy
Hotel Boutique Duomo;1863;1127;7,259677419;474;7,5;Italy
Hotel Bristol;1189;971;8,07260274;980;8;Italy
Hotel Capitol Milano;966;1122;8,124242424;706;8,3;Italy
Hotel Carrobbio;2535;2158;7,93740458;1122;8;Italy
Hotel Cavour;5220;6464;8,447;4056;8,5;Italy
Hotel Clerici;1683;2655;8,910810811;1128;9;Italy
Hotel Crivi s;1120;1477;7,654054054;909;8;Italy
Hotel D Este;1742;1749;7,915306122;1239;8,1;Italy
Hotel Da Vinci;50035;33648;7,790143847;19561;8,1;Italy
Hotel degli Arcimboldi;25706;22444;8,086583184;13229;8,3;Italy
Hotel Dei Cavalieri;12196;10431;8,292586491;5443;8,4;Italy
Hotel Dieci;678;882;7,74;515;8,1;Italy
Hotel Galileo;4386;3324;7,609459459;1905;7,9;Italy
Hotel La Spezia Gruppo MiniHotel;512;426;7,712121212;478;8,4;Italy
Hotel Liberty;2087;795;5,121538462;395;5,2;Italy
Hotel Lloyd;3974;2952;7,285781991;1695;7,5;Italy
Hotel Lombardia;1446;772;7,634545455;367;7,9;Italy
Hotel Magna Pars Small Luxury Hotels of the World;1279;1656;8,778313253;967;9;Italy
Hotel Manin;3379;3654;8,331696429;1734;8,4;Italy
Hotel Manzoni;1744;3615;9,269902913;1991;9,2;Italy
Hotel Marconi;4880;4916;8,05546875;2622;8,3;Italy
Hotel Mediolanum;1533;2236;8,463333333;1332;8,4;Italy
Hotel Mentana;2349;2504;7,599280576;1311;7,4;Italy
Hotel Mercure Milano Centro;935;1529;8,719230769;881;8,4;Italy
Hotel Mercure Milano Solari;1540;1185;8,285;645;8,3;Italy
Hotel Michelangelo;7448;11556;8,417170111;7078;8,4;Italy
Hotel Milano Scala;3263;5483;8,890114068;3185;8,8;Italy
Hotel Mozart;8600;8919;7,943554688;3944;8;Italy
Hotel Pierre Milano;1379;936;7,308955224;452;7,5;Italy
Hotel Portello Gruppo Minihotel;925;1251;7,778873239;720;7,8;Italy
Hotel Principe Di Savoia;2882;4729;9,114285714;2267;9,1;Italy
Hotel Raffaello;1639;1693;7,679012346;616;8,1;Italy
Hotel Regina;566;1095;8,42;637;8,4;Italy
Hotel Romana Residence;7118;4928;7,624850299;3198;7,8;Italy
Hotel Sanpi Milano;1978;3053;8,605228758;1458;8,5;Italy
Hotel Santa Marta Suites;2566;4204;9,339548023;1579;9,2;Italy
Hotel Silver;334;408;8,153846154;1219;8,4;Italy
Hotel Spadari Al Duomo;1552;4977;9,443621399;2082;9,3;Italy
Hotel Sunflower;1099;582;7,141176471;408;7,6;Italy
Hotel Tiziano Park Vita Parcour Gruppo MiniHotels;626;1150;8,072131148;787;8,6;Italy
Hotel Tocq;768;975;8,741176471;243;8,6;Italy
Hotel Vittoria;1670;1736;8,142045455;680;8,1;Italy
Hotel VIU Milan;1342;1351;8,803448276;502;8,9;Italy
Hotel Wagner;45;148;8,43;44;8;Italy
Ibis Styles Milano Palmanova;403;244;6,383333333;37;6,7;Italy
Idea Hotel Milano San Siro;15365;5517;6,580085653;4132;6,9;Italy
IH Hotels Milano Ambasciatori;7394;4267;7,458805031;3474;7,8;Italy
IH Hotels Milano Gioia;12136;6959;7,320803783;3602;7,5;Italy
IH Hotels Milano Lorenteggio;4141;2144;6,712269939;1407;7;Italy
IH Hotels Milano Puccini;3295;2831;7,572;1659;7,6;Italy
IH Hotels Milano Watt 13;4072;2665;7,455376344;2297;7,6;Italy
Klima Hotel Milano Fiere;2331;1272;7,789908257;1465;8,3;Italy
LaGare Hotel Milano Centrale MGallery by Sofitel;10350;9563;8,602805611;3922;8,7;Italy
Leonardo Hotel Milan City Center;3047;2412;8,193333333;1030;8,2;Italy
LHP Hotel Napoleon;1334;1514;8,128395062;737;8,3;Italy
Maison Borella;1625;3832;9,357692308;987;9,1;Italy
Mandarin Oriental Milan;595;396;9,270588235;314;9,2;Italy
ME Milan Il Duca;1788;2384;9,185915493;1229;9,2;Italy
Meli Milano;3056;1588;7,71588785;762;8,3;Italy
Mercure Milano Regency;570;497;8,1;254;7,7;Italy
MiHotel;396;230;8,245454545;202;7,8;Italy
Milan Marriott Hotel;1460;1050;7,359459459;642;7,6;Italy
Milan Suite Hotel;1939;2791;8,72919708;1480;8,7;Italy
Mokinba Hotels Baviera;3403;2020;7,448920863;1119;7,7;Italy
Mokinba Hotels King;3190;1632;6,979605263;1148;7,3;Italy
Mokinba Hotels Montebianco;1160;591;7,397959184;437;7,5;Italy
NH Collection Milano President;9730;11167;8,678157504;6397;8,7;Italy
NH Milano Grand Hotel Verdi;2329;2701;8,191525424;1555;8,2;Italy
NH Milano Machiavelli;2439;3343;8,450555556;1740;8,4;Italy
NH Milano Palazzo Moscova;2152;2188;8,212844037;1121;8,2;Italy
NH Milano Touring;10260;10816;8,214551084;4914;8,4;Italy
Nhow Milan;3009;4363;8,71969697;1894;8,6;Italy
Novotel Milano Linate Aeroporto;3641;3408;7,995767196;2020;8;Italy
Novotel Milano Nord Ca Granda;996;729;7,581355932;659;7,8;Italy
Nu Hotel;1633;2471;8,695652174;1843;8,9;Italy
NYX Milan;4418;3696;8,595555556;1542;8,8;Italy
Palazzo Parigi Hotel Grand Spa Milano;1018;2387;9,410655738;892;9,3;Italy
Palazzo Segreti;903;1276;8,502941176;640;8,9;Italy
Park Hyatt Milano;1016;1440;9,053913043;1121;9,1;Italy
Petit Palais Hotel De Charme;1492;1729;8,72173913;788;8,5;Italy
Qualys Hotel Nasco;3739;4178;8,251941748;1924;8,2;Italy
Radisson Blu Hotel Milan;4819;3544;8,353811659;1638;8,2;Italy
Ramada Plaza Milano;7450;6537;8,115028902;3972;8,4;Italy
Room Mate Giulia;6016;11831;9,39596929;4265;9,3;Italy
Rosa Grand Milano Starhotels Collezione;11841;9343;8,427038043;6048;8,6;Italy
Senato Hotel Milano;3132;4561;8,84754902;1490;9;Italy
Sheraton Diana Majestic;1437;1175;7,622891566;790;7,9;Italy
Sina De La Ville;4410;4031;8,175457875;2925;8,2;Italy
Sina The Gray;1695;1234;8,141935484;794;8,3;Italy
Starhotels Anderson;9238;9681;8,765714286;5868;8,7;Italy
Starhotels Business Palace;11168;8204;7,710714286;4729;8,1;Italy
Starhotels Echo;7738;11072;8,923271501;4817;8,9;Italy
Starhotels Ritz;12127;10782;7,927871363;6394;8,1;Italy
Starhotels Tourist;4349;4727;8,325;2974;8,5;Italy
STRAF a Member of Design Hotels ;4231;3335;8,368699187;2130;8,3;Italy
Style Hotel;1278;1135;7,985714286;631;7,7;Italy
TH Street Duomo;990;518;7,6;299;8,2;Italy
The Hub Hotel;2036;1285;7,282051282;791;7,7;Italy
The Square Milano Duomo;9877;16273;9,07185762;10034;9;Italy
The Westin Palace;2868;2591;8,31741573;1639;8,5;Italy
The Yard Milano;1935;4406;9,29281768;1856;9,2;Italy
TownHouse 12;1547;1421;7,875;792;8,1;Italy
TownHouse 33;984;1113;8,420338983;416;8,2;Italy
TownHouse Duomo;1304;1136;8,438235294;638;8,4;Italy
TownHouse Galleria;3016;2029;8,149673203;1553;8,3;Italy
UNA Hotel Century;5463;7281;8,681298701;3501;8,6;Italy
UNA Hotel Cusani;3514;5169;8,8375;2618;8,8;Italy
UNA Hotel Mediterraneo;1410;1441;7,85890411;659;8,2;Italy
UNA Hotel Scandinavia;1245;1363;8,585294118;524;8,5;Italy
UNA Maison Milano;3076;6587;9,321875;3290;9,3;Italy
Uptown Palace;7679;7003;8,399776786;3848;8,5;Italy
Windsor Hotel Milano;9036;8711;8,285977011;4178;8,5;Italy
Worldhotel Cristoforo Colombo;7962;10101;8,538476563;6383;8,6;Italy
25hours Hotel beim MuseumsQuartier;11135;15097;8,983309144;6010;8,8;Autriche
Alma Boutique Hotel;1997;3613;8,941447368;1960;8,7;Autriche
Am Spiegeln;617;331;8,228571429;240;8,3;Autriche
Aparthotel Adagio Vienna City;7563;6512;8,159294872;2999;8,1;Autriche
Appartement Hotel an der Riemergasse;2783;4994;9,282222222;2566;9,2;Autriche
ARCOTEL Kaiserwasser Superior;2809;2474;8,465034965;1349;8,6;Autriche
ARCOTEL Wimberger;2976;2954;7,947651007;1413;8,2;Autriche
Arion Cityhotel Vienna und Appartements;9003;7089;8,07887931;5246;8,1;Autriche
Arthotel ANA Boutique Six;7137;6685;8,048717949;5240;8,2;Autriche
Arthotel ANA Prime;5329;5775;8,537785016;4476;8,4;Autriche
Arthotel ANA Westbahn;1162;1580;8,441791045;418;8,3;Autriche
Atlantis Hotel Vienna;7264;5544;7,76;2914;8,1;Autriche
Austria Trend Hotel Ananas Wien;11678;9714;8,086263736;6312;8,2;Autriche
Austria Trend Hotel Anatol Wien;2123;3516;8,880666667;1595;8,8;Autriche
Austria Trend Hotel Astoria Wien;7015;6655;8,463829787;4472;8,5;Autriche
Austria Trend Hotel Bosei Wien;5563;6042;8,104859335;6192;8,3;Autriche
Austria Trend Hotel Doppio Wien;5383;5773;8,601474926;5119;8,7;Autriche
Austria Trend Hotel Europa Wien;7248;8129;8,658601134;6889;8,6;Autriche
Austria Trend Hotel Lassalle Wien;2588;2665;8,020945946;1784;8,1;Autriche
Austria Trend Hotel Park Royal Palace Vienna;8130;8668;8,649090909;5339;8,8;Autriche
Austria Trend Hotel Rathauspark Wien;5913;5803;8,489393939;3440;8,5;Autriche
Austria Trend Hotel Savoyen Vienna;10624;15132;8,928611501;8846;8,9;Autriche
Austria Trend Hotel Schloss Wilhelminenberg Wien;4202;4294;8,171649485;2827;8,3;Autriche
Austria Trend Parkhotel Sch nbrunn Wien;8824;9211;8,587412587;4176;8,6;Autriche
AZIMUT Hotel Vienna;2910;2804;8,269879518;2041;8,2;Autriche
Best Western Hotel Pension Arenberg Wien Zentrum;6938;3194;7,320603015;1564;7,7;Autriche
BEST WESTERN PLUS Amedia Wien;6663;7456;8,350119332;4258;8,4;Autriche
Best Western Premier Kaiserhof Wien;3689;8786;9,496407186;4136;9,4;Autriche
Boutiquehotel Das Tyrol;1050;3414;9,497841727;1312;9,4;Autriche
City Hotel Deutschmeister;1693;1904;8,121505376;587;8;Autriche
City Rooms;1131;847;7,625;165;7,9;Autriche
Club Hotel Cortina;902;1238;8,1203125;384;8,2;Autriche
Cordial Theaterhotel Wien;1159;1307;8,719298246;448;8,4;Autriche
Courtyard by Marriott Vienna Prater Messe;3169;3350;8,544502618;1915;8,7;Autriche
Courtyard by Marriott Vienna Schoenbrunn;2006;1811;8,214893617;1188;8,3;Autriche
Das Opernring Hotel;2362;4587;9,050717703;2282;8,9;Autriche
Das Triest Hotel;787;656;8,045238095;518;8,1;Autriche
Der Wilhelmshof;3122;5833;8,782283465;2131;8,8;Autriche
Derag Livinghotel Kaiser Franz Joseph Vienna;2814;2419;7,971428571;1271;8;Autriche
DO CO Hotel Vienna;2241;2515;8,965584416;1462;9;Autriche
Eurostars Embassy;2586;2946;8,384415584;1398;8,4;Autriche
Exe Vienna;9231;6407;7,693447293;3159;7,7;Autriche
Falkensteiner Hotel Wien Margareten;3114;3454;8,641916168;2170;8,9;Autriche
Falkensteiner Hotel Wien Zentrum Schottenfeld;1842;1698;8,389473684;974;8,3;Autriche
Fleming s Conference Hotel Wien;5058;4490;8,31659919;2935;8,5;Autriche
Fleming s Selection Hotel Wien City;15003;10848;8,147720365;7900;8,3;Autriche
FourSide Hotel Suites Vienna;1605;1908;8,524545455;1300;8,6;Autriche
FourSide Hotel Vienna City Center;3625;2572;7,886705202;2410;8,1;Autriche
Gartenhotel Altmannsdorf Hotel 1;160;211;8,28;265;8;Autriche
Graben Hotel;1619;2210;8,784210526;1120;8,6;Autriche
Grand Ferdinand Vienna Your Hotel In The City Center;10771;9146;8,567714885;5005;8,6;Autriche
Grand Hotel Wien;3973;4199;8,877099237;2297;9;Autriche
Hilton Garden Inn Vienna South;302;298;8,03;287;8,1;Autriche
Hilton Vienna;11558;7798;7,83600713;4826;8;Autriche
Hilton Vienna Danube Waterfront;8479;6908;8,141784038;3345;8,4;Autriche
Hilton Vienna Plaza;6153;4618;8,396206897;2736;8,6;Autriche
Holiday Inn Vienna City;734;1260;8,681818182;474;8,7;Autriche
Hollmann Beletage Design Boutique;1122;3045;9,553921569;1075;9,3;Autriche
Hotel Am Konzerthaus Vienna MGallery by Sofitel;3236;4209;8,831304348;2465;8,6;Autriche
Hotel Am Parkring;4815;9746;9,079582367;4493;9;Autriche
Hotel Am Schubertring;5876;5136;8,243508772;2690;8,2;Autriche
Hotel Am Stephansplatz;1245;3071;9,518518519;1277;9,3;Autriche
Hotel Amadeus;2007;2691;8,929861111;1694;8,9;Autriche
Hotel Ambassador;4548;3193;8,14279661;2013;8,3;Autriche
Hotel Arkadenhof;297;564;8,771428571;258;8,5;Autriche
Hotel Atlanta;7298;6818;7,69562982;2563;7,8;Autriche
Hotel Beethoven Wien;1803;4015;9,259259259;1488;8,9;Autriche
Hotel Bellevue Wien;1127;885;7,833333333;389;8,1;Autriche
Hotel Boltzmann;1559;1163;7,995714286;515;8,1;Autriche
Hotel Bristol A Luxury Collection Hotel;1162;1269;9,035;546;9,1;Autriche
Hotel Capricorno;5162;12711;9,269667319;4093;9,1;Autriche
Hotel City Central;6799;12028;8,678685613;5250;8,6;Autriche
Hotel Corvinus;1335;2062;8,687962963;1492;8,5;Autriche
Hotel Daniel Vienna;5558;5491;8,506122449;2459;8,5;Autriche
Hotel Das Tigra;4876;7503;8,969553073;4287;8,9;Autriche
Hotel de France Wien;16577;15807;8,565376569;7414;8,5;Autriche
Hotel Domizil;2983;4669;9,063111111;2342;8,9;Autriche
Hotel Eitlj rg;200;238;7,75;160;8,2;Autriche
Hotel Erzherzog Rainer;9251;12754;8,830615641;5857;8,8;Autriche
Hotel Gallitzinberg;380;193;7,875;76;8,6;Autriche
Hotel Imlauer Wien;3076;2798;8,487820513;1130;8,5;Autriche
Hotel Imperial A Luxury Collection Hotel;808;1335;9,398701299;741;9,2;Autriche
Hotel J ger;428;1088;9,3625;300;9;Autriche
Hotel Johann Strauss;2132;2534;8,625454545;1460;8,5;Autriche
Hotel K nig von Ungarn;2167;7312;9,445149254;1931;9,3;Autriche
Hotel Kaiserin Elisabeth;4925;8366;9,217268041;3911;9,2;Autriche
Hotel Kavalier;6784;4623;7,841042345;3571;8;Autriche
Hotel Lam e;2857;3250;8,729239766;1865;8,7;Autriche
Hotel Landhaus Fuhrgassl Huber;624;1835;9,138028169;1098;9;Autriche
Hotel Mailberger Hof;4925;6292;8,624852071;3975;8,4;Autriche
Hotel Mercure Wien City;2128;2120;8,178294574;1048;8,2;Autriche
Hotel Mercure Wien Westbahnhof;1592;1049;7,697701149;827;7,9;Autriche
Hotel Nestroy Wien;1935;1793;8,097894737;742;8,1;Autriche
Hotel Palais Strudlhof;1914;2675;8,641791045;1826;8,7;Autriche
Hotel Parco di Sch nbrunn Vienna;2415;894;7,352542373;685;7,9;Autriche
Hotel Park Villa;837;1446;8,978688525;799;8,6;Autriche
Hotel Pension Baron am Schottentor;3869;4250;8,030044843;2357;8;Autriche
Hotel Prinz Eugen;7449;10739;8,425636008;6125;8,3;Autriche
Hotel Rathaus Wein Design;3618;8456;9,383136095;2148;9,3;Autriche
Hotel Regina;4727;5507;8,39084507;2999;8,4;Autriche
Hotel Royal;2818;2648;8,659731544;1597;8,6;Autriche
Hotel Sacher Wien;1483;3154;9,589230769;1372;9,5;Autriche
Hotel Sans Souci Wien;3542;5514;9,506382979;1951;9,4;Autriche
Hotel Schani Wien;7007;9864;8,840342298;4030;8,8;Autriche
Hotel Schild;2313;1560;7,781632653;1112;7,9;Autriche
Hotel Stefanie;9639;19547;9,181900452;6790;9,1;Autriche
Hotel Topazz;2986;3187;8,85375;1305;8,7;Autriche
Hotel Vienna;4452;2329;7,611111111;1111;8,1;Autriche
Hotel ViennArt am Museumsquartier;8846;9026;8,23231441;5764;8,4;Autriche
Hotel Wandl;5339;4660;8,409935897;3055;8,5;Autriche
Hotel Zeitgeist Vienna Hauptbahnhof;1462;2289;8,559;788;8,7;Autriche
Imperial Riding School Renaissance Vienna Hotel;6702;4906;8,106367041;2772;8,1;Autriche
IntercityHotel Wien;6043;7626;8,459756098;3673;8,5;Autriche
InterContinental Wien;1949;1482;8,065492958;1346;8,1;Autriche
JUFA Hotel Wien;6916;7090;8,342691415;5131;8,5;Autriche
K K Hotel Maria Theresia;7967;10722;8,781028369;4923;8,7;Autriche
K K Palais Hotel;3327;4302;8,735526316;1590;8,6;Autriche
Le Meridien Vienna;11301;7032;8,169488189;4465;8,3;Autriche
Leonardo Hotel Vienna;15501;11177;8,038186813;7768;8,1;Autriche
Lindner Hotel Am Belvedere;2411;1287;7,957142857;680;8,4;Autriche
Melia Vienna;10958;7931;8,336926148;6033;8,6;Autriche
Mercure Grand Hotel Biedermeier Wien;2967;3355;8,321383648;1752;8,4;Autriche
Mercure Hotel Raphael Wien;3989;2272;8,231125828;1317;8,5;Autriche
Mercure Josefshof Wien;8479;7987;8,298317308;4539;8,3;Autriche
Mercure Secession Wien;1338;1686;8,333980583;1171;8,5;Autriche
Mercure Vienna First;1157;1611;8,902531646;515;8,8;Autriche
Mercure Wien Zentrum;2380;2526;8,234868421;1247;8,3;Autriche
NH Collection Wien Zentrum;4265;5594;8,85;3130;8,9;Autriche
NH Danube City;3737;3429;8,254017857;2565;8,4;Autriche
NH Wien Belvedere;3617;4267;8,527638191;2342;8,4;Autriche
NH Wien City;4158;3847;8,432467532;3104;8,4;Autriche
Novotel Wien City;4688;4112;8,038888889;2036;8,1;Autriche
Pakat Suites Hotel;2052;1582;8,347727273;1168;8,6;Autriche
Palais Coburg Residenz;172;248;9,5125;208;9,5;Autriche
Palais Hansen Kempinski Vienna;2574;3785;9,242857143;2372;9,2;Autriche
Park Hyatt Vienna;1661;1395;9,161956522;1148;9,3;Autriche
Park Inn by Radisson Uno City Vienna;5134;6912;8,460110803;3462;8,6;Autriche
pentahotel Vienna;2312;2080;8,363565891;1661;8,5;Autriche
Pertschy Palais Hotel;5495;6019;8,216666667;2795;8,1;Autriche
Radisson Blu Style Hotel Vienna;5662;3577;8,338554217;1929;8,4;Autriche
Rainers Hotel Vienna;3554;3395;8,294285714;2054;8,2;Autriche
Roomz Vienna;623;888;8,518367347;690;8,1;Autriche
Saint SHERMIN bed breakfast champagne;2757;3698;9,045121951;2225;9;Autriche
Schlosshotel R mischer Kaiser;3398;6851;9,14551495;3061;8,9;Autriche
Senator Hotel Vienna;4803;4324;7,940833333;2108;8,1;Autriche
Simm s Hotel;1315;1784;8,680434783;993;8,5;Autriche
Small Luxury Hotel Altstadt Vienna;1826;5374;9,415606936;1362;9,3;Autriche
Sofitel Vienna Stephansdom;2719;3173;8,990340909;1708;9;Autriche
Steigenberger Hotel Herrenhof;7028;8813;9,060460653;5444;9;Autriche
Strandhotel Alte Donau;492;890;9,126829268;446;9,1;Autriche
Suite Hotel 900 m zur Oper;7895;7762;8,02118451;4553;8;Autriche
The Guesthouse Vienna;2947;7548;9,483561644;2332;9,4;Autriche
The Harmonie Vienna;2477;5319;9,249514563;1904;9,2;Autriche
The Levante Parliament A Design Hotel;6999;5942;8,378309859;3524;8,4;Autriche
The Ring Vienna s Casual Luxury Hotel;3716;4201;9,116190476;2015;9;Autriche
The Ritz Carlton Vienna;2217;2032;8,900833333;843;8,9;Autriche
Vienna Marriott Hotel;3794;2443;8,109661836;1907;8,2;Autriche
Vienna Sporthotel;993;1070;8,382539683;927;8,4;Autriche
Albus Hotel Amsterdam City Centre;3941;3239;8,209793814;1000;8,2;Netherlands
Amadi Panorama Hotel;9532;11409;8,402079002;5543;8,4;Netherlands
Amadi Park Hotel;7442;8634;8,204040404;3337;8,1;Netherlands
Ambassade Hotel;5715;12777;9,364972777;3799;9,3;Netherlands
Amsterdam Canal Residence;1695;1721;8,408955224;392;8,3;Netherlands
Amsterdam Marriott Hotel;8344;5035;8,126478149;1959;8,1;Netherlands
Andaz Amsterdam Prinsengracht A Hyatt Hotel;3386;3822;9,281775701;1404;9,3;Netherlands
Apollo Hotel Amsterdam;16047;15641;8,290286426;6659;8,2;Netherlands
Apollofirst Boutique Hotel;4806;7363;8,715053763;2311;8,5;Netherlands
art otel Amsterdam;14462;14153;8,989113924;5556;9;Netherlands
Banks Mansion All Inclusive Hotel;4022;9250;9,364589235;2081;9,2;Netherlands
Best Western Blue Tower Hotel;19751;14056;7,330769231;4396;7,4;Netherlands
Best Western Delphi Hotel;1610;1637;7,59875;676;7,5;Netherlands
Best Western Plus Hotel Blue Square;14326;10524;7,351515152;3181;7,3;Netherlands
Best Western Premier Hotel Couture;29879;42884;8,753399668;12522;8,7;Netherlands
Bilderberg Garden Hotel;13228;9657;7,98659612;6150;8,1;Netherlands
Bilderberg Hotel Jan Luyken;6372;7011;8,636612022;3350;8,3;Netherlands
Boutique Hotel Notting Hill;13738;13080;8,545053272;3279;8,4;Netherlands
Canal House;2848;4615;9,373369565;1401;9,3;Netherlands
Chasse Hotel;2626;3662;9,014388489;881;8,9;Netherlands
citizenM Amsterdam;21841;28653;8,770288625;10695;8,6;Netherlands
Conservatorium Hotel;2531;2681;9,215942029;1179;9,2;Netherlands
Corendon Vitality Hotel Amsterdam;19189;18800;8,552178533;4621;8,4;Netherlands
Courtyard by Marriott Amsterdam Arena Atlas;5947;5454;8,517867435;2480;8,4;Netherlands
Crowne Plaza Amsterdam South;3463;6571;9,070149254;2163;9;Netherlands
De L Europe Amsterdam;2645;2434;9,048905109;1106;9,1;Netherlands
Dikker en Thijs Fenice Hotel;8435;10817;8,608471455;3427;8,4;Netherlands
DoubleTree by Hilton Amsterdam Centraal Station;21668;21503;8,523684211;8304;8,4;Netherlands
DoubleTree by Hilton Hotel Amsterdam NDSM Wharf;7770;6121;8,098717949;1858;8,2;Netherlands
Dutch Design Hotel Artemis;10549;7278;7,920833333;1803;7,9;Netherlands
Element Amsterdam;6935;7660;8,87147651;1793;8,9;Netherlands
Fletcher Hotel Amsterdam;17151;10485;7,631932773;5763;7,8;Netherlands
Golden Tulip Amsterdam Riverside;14769;8708;7,409288538;2824;7,5;Netherlands
Golden Tulip Amsterdam West;30655;34589;8,549584816;8353;8,5;Netherlands
Grand Hotel Amr th Amsterdam;13640;10345;8,237924528;4907;8,3;Netherlands
Grand Hotel Downtown;10414;5967;7,586024096;2847;7,5;Netherlands
Hampshire Hotel Amsterdam American;25349;23396;8,484460548;10305;8,5;Netherlands
Hampshire Hotel Rembrandt Square Amsterdam;17046;9686;7,675534759;6465;7,8;Netherlands
Hampshire Hotel The Manor Amsterdam;7622;10759;8,463537118;3323;8,3;Netherlands
Hampton by Hilton Amsterdam Centre East;6469;7718;8,377071823;2721;8,4;Netherlands
Hilton Amsterdam;5233;5052;8,235842294;2068;8,3;Netherlands
Holiday Inn Amsterdam;5618;4875;8,022377622;1859;7,7;Netherlands
Holiday Inn Amsterdam Arena Towers;4291;5352;8,612411348;1761;8,4;Netherlands
Hotel Amsterdam De Roode Leeuw;3245;2600;7,816470588;1033;7,9;Netherlands
Hotel Arena;12474;9574;7,836296296;2421;7,7;Netherlands
Hotel De Hallen;6742;9339;8,854084507;3466;8,8;Netherlands
Hotel Die Port van Cleve;6692;5688;8,052678571;2584;8;Netherlands
Hotel Esther a;24900;41071;9,266412629;10735;9,1;Netherlands
Hotel JL No76;5245;8861;9,020512821;1986;8,8;Netherlands
Hotel Okura Amsterdam;8616;8415;8,798910675;3881;8,9;Netherlands
Hotel Roemer Amsterdam;6190;6054;8,516044776;2428;8,3;Netherlands
Hotel Seven One Seven;371;274;8,835294118;93;8,8;Netherlands
Hotel V Fizeaustraat;4558;11050;9,344638404;3390;9,1;Netherlands
Hotel V Nesplein;6950;11173;9,258653846;3124;9,1;Netherlands
Hotel Vondel Amsterdam;13860;9108;8,078544061;3895;8;Netherlands
Hyatt Regency Amsterdam;1442;1461;8,555223881;517;8,8;Netherlands
INK Hotel Amsterdam MGallery by Sofitel;14880;18032;9,042237443;5555;8,9;Netherlands
Inntel Hotels Amsterdam Centre;11955;12936;8,343283582;6640;8,2;Netherlands
InterContinental Amstel Amsterdam;584;584;9,002941176;413;9;Netherlands
Jaz Amsterdam;20039;28228;9,002506482;10336;8,9;Netherlands
Luxury Suites Amsterdam;2793;6519;9,482532751;2301;9,3;Netherlands
M venpick Hotel Amsterdam City Centre;10418;9790;8,505961538;4281;8,4;Netherlands
Mercure Amsterdam Sloterdijk Station;14365;16518;8,723598131;4780;8,6;Netherlands
Mercure Hotel Amsterdam Centre Canal District;4715;4457;8,318604651;1454;8,2;Netherlands
Mercure Hotel Amsterdam City South;15568;15797;8,347565543;3895;8,2;Netherlands
Mercure Hotel Amsterdam West;11632;8805;7,88287037;2880;7,8;Netherlands
Morgan Mees;2564;3905;8,859060403;1465;8,8;Netherlands
NH Amsterdam Caransa;5334;4371;8,0109375;1671;7,9;Netherlands
NH Amsterdam Centre;9598;5339;7,644810127;2420;7,7;Netherlands
NH Amsterdam Museum Quarter;5005;4265;8,035983264;1560;8;Netherlands
NH Amsterdam Noord;2350;2646;8,395104895;836;8,2;Netherlands
NH Amsterdam Schiller;12725;7384;7,813814433;2839;7,7;Netherlands
NH Amsterdam Zuid;5672;3854;7,923144105;1556;7,8;Netherlands
NH Carlton Amsterdam;26482;13789;7,011891892;6003;7;Netherlands
NH City Centre Amsterdam;18581;11861;8,149742931;3742;8,2;Netherlands
NH Collection Amsterdam Barbizon Palace;14379;12837;8,549242424;7015;8,6;Netherlands
NH Collection Amsterdam Doelen;5916;6422;8,703481013;3045;8,8;Netherlands
NH Collection Amsterdam Grand Hotel Krasnapolsky;27391;18376;8,276508447;8565;8,4;Netherlands
Novotel Amsterdam City;12022;7891;7,671669794;3069;7,8;Netherlands
Ozo Hotel;12159;6892;7,450528541;4003;7,6;Netherlands
Park Hotel;14137;11226;8,382861635;4481;8,3;Netherlands
Park Plaza Victoria Amsterdam;31818;24407;8,130031348;8204;8;Netherlands
Park Plaza Vondelpark Amsterdam;15006;9954;7,555143339;2989;7,5;Netherlands
Pillows Anna van den Vondel Amsterdam;789;2686;9,366071429;246;9,4;Netherlands
Pulitzer Amsterdam;4300;6296;9,216333333;2335;9,1;Netherlands
Radisson Blu Hotel Amsterdam;21724;19007;8,60526763;9317;8,6;Netherlands
Ramada Apollo Amsterdam Centre;41481;38609;8,295715962;11507;8,2;Netherlands
Renaissance Amsterdam Hotel;12206;7579;8,002819549;3099;8;Netherlands
Room Mate Aitana;14702;17746;8,903165939;10373;8,8;Netherlands
Royal Amsterdam Hotel;3345;2149;7,466666667;980;7,4;Netherlands
Savoy Hotel Amsterdam;9105;2984;6,009465021;1369;6,4;Netherlands
Sir Adam Hotel;2001;3218;8,887962963;764;9;Netherlands
Sir Albert Hotel;5902;8146;8,879402985;2760;8,8;Netherlands
Sofitel Legend The Grand Amsterdam;2097;3376;9,253846154;1562;9,2;Netherlands
Swiss tel Amsterdam;12338;14786;8,61626506;5768;8,5;Netherlands
The College Hotel;4335;2647;8,246405229;875;8,3;Netherlands
The Dylan Amsterdam;1800;2054;9,125;734;9,1;Netherlands
The Hoxton Amsterdam;5852;10152;9,433496333;2713;9,3;Netherlands
The Student Hotel Amsterdam City;26950;38042;8,820241117;8864;8,7;Netherlands
The Toren;3678;10158;9,45575;1584;9,4;Netherlands
Urban Lodge Hotel;17034;27666;8,942296919;9643;8,6;Netherlands
W Amsterdam;5477;3750;8,303271028;1258;8,4;Netherlands
Waldorf Astoria Amsterdam;2076;2860;9,535211268;943;9,5;Netherlands
WestCord Art Hotel Amsterdam 4 stars;8862;10937;8,629764454;2142;8,5;Netherlands
WestCord Fashion Hotel Amsterdam;23700;30722;8,896554252;6712;8,7;Netherlands
ABaC Restaurant Hotel Barcelona GL Monumento;1092;579;8,464516129;318;8,8;Espagne
Abba Garden;3377;2223;8,0376;706;7,9;Espagne
Abba Sants;1967;1852;8,368333333;1003;8,2;Espagne
AC Hotel Barcelona Forum a Marriott Lifestyle Hotel;6250;4331;8,001384083;2214;8,1;Espagne
AC Hotel Diagonal L Illa a Marriott Lifestyle Hotel;983;775;8,398214286;440;8,6;Espagne
AC Hotel Irla a Marriott Lifestyle Hotel;204;127;8,125;148;7,9;Espagne
AC Hotel Sants a Marriott Lifestyle Hotel;1370;1366;7,921978022;863;8;Espagne
AC Hotel Victoria Suites a Marriott Lifestyle Hotel;674;908;8,828888889;382;8,6;Espagne
Acevi Villarroel;8543;5261;7,651420455;3306;7,8;Espagne
Acta Atrium Palace;9026;8537;8,650436681;2947;8,5;Espagne
Acta CITY47;6384;5833;8,18503937;2730;8,1;Espagne
Ako Suites Hotel;2509;2154;8,695419847;859;8,7;Espagne
Alexandra Barcelona A DoubleTree by Hilton;2053;949;8,027272727;436;8,3;Espagne
Alma Barcelona GL;2335;3579;9,34301676;1378;9,2;Espagne
Aparthotel Arai 4 Superior;2754;4995;9,44;1183;9,3;Espagne
Aparthotel Atenea Barcelona;3229;3798;8,264606742;1158;8;Espagne
Aparthotel Mariano Cubi Barcelona;2036;1449;8,208791209;924;8,3;Espagne
Arenas Atiram Hotels;1295;1178;7,453333333;645;7,5;Espagne
Attica 21 Barcelona Mar;3444;3665;8,273214286;815;8,1;Espagne
Avenida Palace;15609;14746;8,390582404;5206;8,4;Espagne
Axel Hotel Barcelona Urban Spa Adults Only;13348;10253;8,075581395;6341;8;Espagne
Ayre Hotel Caspe;9639;12261;8,611932773;5295;8,5;Espagne
Ayre Hotel Gran V a;11101;17752;8,776913425;6285;8,8;Espagne
Ayre Hotel Rosell n;7715;11379;8,94566474;3136;8,7;Espagne
Barcel Raval;10955;10081;8,511594203;2832;8,4;Espagne
Barcel Sants;13893;17233;8,602870813;7465;8,6;Espagne
Barcelona Hotel Colonial;1202;904;7,764814815;351;7,8;Espagne
Barcelona Princess;19249;18425;8,219286511;7274;8,3;Espagne
Bcn Urban Hotels Gran Rosellon;6578;6645;8,627889447;4584;8,5;Espagne
Best Western Premier Hotel Dante;2774;3135;8,477889447;1853;8,4;Espagne
Capri by Fraser Barcelona;8135;12156;8,752123552;3952;8,8;Espagne
Catalonia Atenas;21809;21550;8,068991517;4773;7,9;Espagne
Catalonia Barcelona 505;2357;2401;8,19;924;8,2;Espagne
Catalonia Barcelona Plaza;21496;17880;8,308154506;6047;8,4;Espagne
Catalonia Born;7016;10071;8,811161731;2779;8,8;Espagne
Catalonia Catedral;6194;10169;9,245901639;3303;9,2;Espagne
Catalonia Diagonal Centro;4518;3988;8,003658537;1516;8,1;Espagne
Catalonia Eixample 1864;9686;7837;8,30817757;3041;8,3;Espagne
Catalonia La Pedrera;2620;3001;8,513548387;939;8,4;Espagne
Catalonia Magdalenes;3573;9195;9,561414791;1953;9,4;Espagne
Catalonia Park Putxet;11233;7887;7,412217195;2368;7,4;Espagne
Catalonia Passeig de Gr cia 4 Sup;6094;11293;9,2388;3635;9,2;Espagne
Catalonia Plaza Catalunya;16002;18546;8,675103734;6003;8,6;Espagne
Catalonia Port;2490;4503;9,119101124;1436;8,8;Espagne
Catalonia Ramblas 4 Sup;16579;14587;8,668314607;4956;8,6;Espagne
Catalonia Rigoletto;3840;4572;8,418411552;2307;8,6;Espagne
Catalonia Square 4 Sup;4259;11520;9,476887872;3301;9,4;Espagne
Claris Hotel Spa GL;4358;4344;8,692982456;1631;8,6;Espagne
Col n Hotel Barcelona;6979;8428;8,872979798;2214;8,9;Espagne
Condes de Barcelona;4876;4504;8,66121673;2049;8,7;Espagne
Cotton House Hotel Autograph Collection;1395;1033;8,364583333;229;8,8;Espagne
Cram;2546;2853;8,708805031;1426;8,5;Espagne
Crowne Plaza Barcelona Fira Center;1678;2113;9,001666667;778;8,8;Espagne
Duquesa de Cardona;3948;5417;9,024621212;1455;8,9;Espagne
Duquesa Suites Barcelona;4686;6982;9,203914591;1883;9,1;Espagne
Eurohotel Diagonal Port;1182;705;6,809615385;384;7;Espagne
Eurostars Angli;1418;1342;8,237662338;614;8,3;Espagne
Eurostars Bcn Design;5082;4559;8,239705882;1751;8,3;Espagne
Eurostars Cristal Palace;7514;5923;7,941818182;2763;8,2;Espagne
Eurostars Grand Marina Hotel GL;22471;16564;8,44805915;7300;8,5;Espagne
Eurostars Monumental;4490;4843;8,212264151;1036;8,3;Espagne
Eurostars Ramblas;5891;4699;8,274193548;2093;8,2;Espagne
Evenia Rossello;1228;1294;8,216091954;613;8,2;Espagne
Exe Laietana Palace;9891;6582;7,848820755;2725;7,9;Espagne
Expo Hotel Barcelona;16320;14416;7,765341615;6616;7,6;Espagne
Fairmont Rey Juan Carlos I;4399;4414;8,255837563;1524;8,3;Espagne
Gallery Hotel;3717;5112;9,127155172;1599;9,1;Espagne
Gran Hotel Barcino;2333;653;6,520731707;385;7;Espagne
Gran Hotel La Florida;5396;4242;8,623404255;1669;8,7;Espagne
Gran Hotel Torre Catalunya;6253;8479;8,690052356;2934;8,5;Espagne
Grand Hotel Central;4911;6215;9,069463087;1892;8,9;Espagne
Grupotel Gran Via 678;6100;5869;8,445882353;2743;8,4;Espagne
Guitart Grand Passage;3402;2897;7,996240602;1102;8,1;Espagne
H10 Art Gallery 4 Sup;4458;6971;8,926006192;2240;8,8;Espagne
H10 Casa Mimosa 4 Sup;1445;3165;9,660344828;823;9,6;Espagne
H10 Casanova;2461;3143;8,686163522;911;8,6;Espagne
H10 Cubik 4 Sup;5019;9788;9,34947644;2376;9,3;Espagne
H10 Itaca;2507;2283;8,0272;721;8,2;Espagne
H10 Marina Barcelona;7198;5526;8,118867925;2018;8,2;Espagne
H10 Metropolitan 4 Sup;6171;12061;9,324124514;2959;9,2;Espagne
H10 Port Vell 4 Sup;4547;8425;9,291643454;2418;9,2;Espagne
H10 Universitat;4676;5174;8,642142857;1666;8,5;Espagne
H10 Urquinaona Plaza;6796;10921;9,186885246;3345;9,1;Espagne
HCC Regente;1461;1331;8,251388889;378;8,1;Espagne
HCC St Moritz;1722;1319;8,154368932;731;8,3;Espagne
Hilton Barcelona;848;609;8,315555556;333;8,1;Espagne
Hilton Diagonal Mar Barcelona;3667;2031;7,687857143;968;7,9;Espagne
Hotel 1898;7081;8497;9,238194444;2490;9,2;Espagne
Hotel 4 Barcelona;2427;2075;7,729166667;991;7,7;Espagne
Hotel Abbot;750;752;7,551282051;209;7,4;Espagne
Hotel Advance;333;568;8,45;186;8,3;Espagne
Hotel Alimara;3671;3231;7,842564103;1465;8,1;Espagne
Hotel America Barcelona;940;1498;8,755555556;223;8,7;Espagne
Hotel Arts Barcelona;6887;4406;8,644871795;2051;8,8;Espagne
Hotel Bagu s;1341;2261;8,913445378;1076;8,9;Espagne
Hotel Balmes;4263;4474;8,574285714;1966;8,5;Espagne
Hotel Balmoral;2536;2295;8,43;1095;8,3;Espagne
Hotel Barcelona Catedral;13082;18778;9,154597701;5225;8,9;Espagne
Hotel Barcelona Center;4629;4184;8,47007874;1555;8,4;Espagne
Hotel Barcelona Universal;3626;5202;8,952173913;1452;8,8;Espagne
Hotel Best Western PLUS Alfa Aeropuerto;12628;9724;7,898426573;4759;7,8;Espagne
Hotel Casa Bonay;7942;10671;8,931666667;2498;8,7;Espagne
Hotel Casa Camper;2233;9537;9,718936877;1691;9,6;Espagne
Hotel Casa Fuster G L Monumento;3904;3972;9,020444444;1545;9;Espagne
Hotel Ciutadella Barcelona;2335;1648;8,315053763;649;8,1;Espagne
Hotel Derby;928;934;8,089333333;651;8;Espagne
Hotel DO Pla a Reial G L ;1599;2884;9,357425743;916;9,3;Espagne
Hotel Espa a Ramblas;10999;12559;8,796567164;4037;8,7;Espagne
Hotel Front Maritim;4011;2133;7,324264706;872;7,5;Espagne
Hotel G tico;399;438;8,092;116;8,2;Espagne
Hotel Garbi Millenni;1630;994;7,51125;288;7,6;Espagne
Hotel Gran Derby Suites;1253;1210;8,284;597;8,5;Espagne
Hotel Granados 83;2259;2642;8,825925926;926;8,8;Espagne
Hotel Grums Barcelona;5259;4759;8,347924528;1388;8,3;Espagne
Hotel Indigo Barcelona Plaza Catalunya;2565;2295;8,537593985;804;8,6;Espagne
Hotel Margot House;1702;1881;9,315116279;621;9,4;Espagne
Hotel mbit Barcelona;4001;6647;9,081012658;2235;8,9;Espagne
Hotel Midmost;1169;2351;9,335185185;701;9,2;Espagne
Hotel Miramar Barcelona GL;5040;4441;8,688209607;2241;8,7;Espagne
Hotel Murmuri Barcelona;1398;1447;8,681111111;663;8,8;Espagne
Hotel Neri;1218;2231;9,340789474;452;9,2;Espagne
Hotel Omm;1665;2178;8,921804511;788;8,9;Espagne
Hotel Palace GL;3644;8281;9,479271709;2446;9,4;Espagne
Hotel Pulitzer;6833;9499;8,867676768;4216;8,8;Espagne
Hotel Regina;8896;9881;8,538813559;4071;8,5;Espagne
Hotel Rekord;871;1232;7,963793103;483;8,1;Espagne
Hotel Ronda Lesseps;1625;1527;7,61686747;404;7,4;Espagne
Hotel SB Diagonal Zero Barcelona 4 Sup;21323;18110;8,141252955;4693;8,2;Espagne
Hotel SB Icaria Barcelona;17513;15184;8,118355185;4423;8;Espagne
Hotel Serhs Rivoli Rambla;6822;4953;7,992436975;2430;8,1;Espagne
Hotel Spa Villa Olimpica Suites;13572;8954;7,923314066;3244;8;Espagne
Hotel The Serras;1680;5650;9,623474178;1598;9,6;Espagne
Hotel Vilamar ;3678;3269;8,273988439;1641;8,3;Espagne
Hotel Villa Emilia;2975;4991;9,156994819;1193;9,1;Espagne
Hotel Vueling Bcn by HC;4099;6724;9,001242236;2433;8,8;Espagne
Hotel Well and Come;7378;10182;9,052;2707;9;Espagne
Ilunion Almirante;7008;3509;7,009090909;2398;7,1;Espagne
Ilunion Barcelona;12928;11238;7,821774194;5577;7,9;Espagne
Ilunion Bel Art;1492;1103;8,134;326;7,9;Espagne
K K Hotel Picasso;6115;10565;9,155299539;3753;8,9;Espagne
Le M ridien Barcelona;1884;1258;8,247457627;752;8,2;Espagne
Majestic Hotel Spa Barcelona GL;6811;7693;8,812747253;3054;8,9;Espagne
Mandarin Oriental Barcelona;1015;913;9,336363636;506;9;Espagne
Medinaceli;2101;1271;7,72804878;466;7,8;Espagne
Melia Barcelona Sarri ;2061;1857;8,164485981;999;8,1;Espagne
Melia Barcelona Sky 4 Sup;1222;837;8,4;181;8,4;Espagne
Mercer Hotel Barcelona;2049;4139;9,467123288;623;9,5;Espagne
Mercer House B ria BCN;2118;2117;8,579775281;790;8,6;Espagne
Mercure Barcelona Condor;1129;810;8,202173913;274;8;Espagne
Monument Hotel;2555;5288;9,381327801;1605;9,3;Espagne
Negresco Princess 4 Sup;9381;11939;8,974615385;3826;8,9;Espagne
NH Barcelona Stadium;2264;2769;8,128977273;1263;8,1;Espagne
NH Collection Barcelona Constanza;3427;3240;8,514689266;1277;8,7;Espagne
NH Collection Barcelona Gran Hotel Calder n;3088;3263;8,807407407;1805;8,8;Espagne
NH Collection Barcelona Podium;2116;3746;9,017808219;628;8,9;Espagne
NH Hesperia Barcelona del Mar;2787;2533;8,20647482;941;8,2;Espagne
NH Hesperia Barcelona Presidente;2206;2184;8,4225;1366;8,6;Espagne
NH Sants Barcelona;1909;1870;8,091588785;955;8,2;Espagne
Novotel Barcelona City;5282;5294;8,28649635;1429;8,4;Espagne
Occidental Atenea Mar Adults Only;11935;9718;8,168530021;2882;8,2;Espagne
Ofelias Hotel 4 Sup;1810;2052;8,933333333;705;8,6;Espagne
Ohla Barcelona;6906;7966;9,077656676;3187;9;Espagne
Ohla Eixample;4744;5618;9,0968;2248;9,1;Espagne
Olivia Balmes Hotel;5711;12958;9,410392157;4039;9,3;Espagne
Olivia Plaza Hotel;6730;18867;9,391591203;5756;9,3;Espagne
Onix Liceo;5204;3927;8,141666667;1941;8,1;Espagne
Pestana Arena Barcelona;1939;3115;8,676056338;1941;8,5;Espagne
Petit Palace Barcelona;3278;2559;8,159375;1080;7,9;Espagne
Petit Palace Boqueria Garden;16911;15931;8,600508906;5637;8,5;Espagne
Petit Palace Museum;5582;6600;8,659824047;2625;8,6;Espagne
Pol Grace Hotel;6700;9759;8,79225;2971;8,8;Espagne
Primero Primera;819;2046;9,263380282;557;9,2;Espagne
Pullman Barcelona Skipper;6601;5180;8,539568345;1930;8,6;Espagne
Renaissance Barcelona Hotel;807;240;7,051515152;213;7,6;Espagne
Roger de Ll ria;1676;2056;8,646875;948;8,5;Espagne
Room Mate Anna;4080;7457;9,153242321;2423;9,1;Espagne
Room Mate Carla;3978;5619;8,983406114;2074;8,9;Espagne
Room Mate Gerard;285;361;8,692857143;67;9;Espagne
Royal Passeig de Gracia;12174;12573;8,636387435;5392;8,6;Espagne
Royal Ramblas;10430;10453;8,248891967;4339;8,4;Espagne
Sall s Hotel Pere IV;12965;9839;7,938506876;2669;7,9;Espagne
Sansi Diputacio;1420;748;7,863157895;567;7,8;Espagne
Sansi Pedralbes;699;529;8,373333333;187;8,4;Espagne
Senator Barcelona Spa Hotel;13083;9335;7,621441125;3392;7,7;Espagne
Sercotel Amister Art Hotel Barcelona;1710;1945;8,47875;572;8,5;Espagne
Silken Concordia;3816;2837;8,221518987;1035;8,2;Espagne
Silken Gran Hotel Havana;4833;5477;8,733333333;1714;8,5;Espagne
Silken Ramblas;8447;5611;7,80925;3471;7,9;Espagne
Sixtytwo Hotel;1747;5513;9,312446352;2294;9,2;Espagne
Sunotel Central;12539;12044;8,2296875;6171;8,2;Espagne
Sunotel Club Central;7503;8040;8,1840399;3973;8,2;Espagne
The Corner Hotel;1327;2761;9,42038835;801;9,3;Espagne
The Gates Diagonal Barcelona;7252;5465;8,066898955;2019;8;Espagne
The Level at Melia Barcelona Sky;566;535;8,440909091;176;8,6;Espagne
The Mirror Barcelona;2425;3506;8,699363057;1347;8,6;Espagne
The One Barcelona GL;1539;2172;9,422352941;611;9,4;Espagne
The Wittmore Adults Only;1246;2397;9,422352941;668;9,4;Espagne
Tryp Barcelona Apolo Hotel;4486;2645;7,496089385;1132;7,8;Espagne
Tryp Barcelona Condal Mar Hotel;2486;2290;8,137;488;8,1;Espagne
TWO Hotel Barcelona by Axel 4 Sup Adults Only;9932;10073;8,638122605;7134;8,8;Espagne
U232 Hotel;2369;4004;8,742424242;1221;8,7;Espagne
Upper Diagonal;2200;2648;8,864492754;1099;8,8;Espagne
Vilana Hotel;773;1581;8,469354839;692;8,2;Espagne
Vincci Bit;8488;7872;8,375182482;5110;8,5;Espagne
Vincci Gala;2234;3043;8,74251497;2045;8,9;Espagne
Vincci Mae;1998;2717;8,995283019;990;8,9;Espagne
Vincci Maritimo;6373;6013;8,210787172;3726;8,3;Espagne
W Barcelona;14643;9853;8,412347826;3941;8,5;Espagne
Wilson Boutique Hotel;2438;3275;8,782758621;1054;8,7;Espagne
Zenit Barcelona;1391;1506;8,081012658;573;8,1;Espagne
Zenit Borrell;2005;1095;7,59047619;612;8;Espagne
41;915;2606;9,711650485;619;9,6;UK
11 Cadogan Gardens;2469;3176;8,845283019;1149;8,7;UK
45 Park Lane Dorchester Collection;189;323;9,603571429;202;9,4;UK
88 Studios;10987;9852;8,489106754;3409;8,4;UK
Ace Hotel London Shoreditch;10242;9834;8,68307393;3435;8,6;UK
Adria Boutique Hotel;4569;4600;8,765367965;1791;8,8;UK
Aloft London Excel;21822;19505;8,628241563;5835;8,7;UK
Amba Hotel Charing Cross;9858;18925;9,391719745;5096;9,3;UK
Amba Hotel Marble Arch;20046;18358;8,563549921;8448;8,5;UK
Ambassadors Bloomsbury;14811;10646;7,845833333;5743;7,9;UK
Andaz London Liverpool Street;8717;9954;9,018882466;3871;9;UK
Apex City Of London Hotel;13753;20602;9,118684461;6428;9;UK
Apex London Wall Hotel;5468;9561;9,242562929;2745;9,1;UK
Apex Temple Court Hotel;12435;20421;9,298842816;7160;9,2;UK
Arbor City;12636;15450;8,887195903;8194;8,9;UK
Arbor Hyde Park;15071;16432;8,50157385;10040;8,4;UK
Ashburn Hotel;4054;5005;8,656066946;1724;8,6;UK
Avo Hotel;2633;3237;8,148795181;788;8,1;UK
Baglioni Hotel London The Leading Hotels of the World;2011;2232;9,003508772;856;9;UK
Batty Langley s;3415;8568;9,411014493;2222;9,4;UK
Bentley London;4279;3122;8,401515152;2566;8,4;UK
Bermondsey Square Hotel A Bespoke Hotel;7486;7031;8,313032581;3532;8,3;UK
Best Western Maitrise Hotel Edgware Road;7765;2203;6,375;901;6,6;UK
BEST WESTERN Maitrise Hotel Maida Vale;25699;10629;6,884191176;5023;7,1;UK
Best Western Mornington Hotel Hyde Park;16353;13530;7,979004854;6421;8;UK
Best Western Palm Hotel;22020;14840;7,909799789;6874;7,9;UK
Best Western PLUS Epping Forest;8083;3925;7,304573171;2056;7,5;UK
Best Western Plus Seraphine Hammersmith Hotel;14271;10471;7,742799462;4530;7,8;UK
Best Western Seraphine Kensington Olympia;9204;5197;7,417914439;2516;7,4;UK
Best Western The Boltons Hotel London Kensington;12824;8864;7,728961749;4884;7,7;UK
Blakemore Hyde Park;38961;35344;8,526721763;11906;8,5;UK
Blakes Hotel;1638;851;7,971052632;346;8;UK
Bloomsbury Palace Hotel;35958;17428;6,736684996;5776;6,8;UK
Boundary Rooms Suites;120;241;8,441666667;59;8,4;UK
Britannia International Hotel Canary Wharf;124089;55582;6,826644393;22855;7,1;UK
Bulgari Hotel London;280;638;9,52972973;295;9,3;UK
Caesar Hotel;5322;5492;8,263722397;2152;8,2;UK
Canary Riverside Plaza Hotel;1829;2588;8,935507246;958;8,9;UK
Charlotte Street Hotel;1622;3076;9,488652482;1077;9,5;UK
Chiswick Rooms;6129;5075;7,855555556;2161;7,8;UK
citizenM London Bankside;21204;31639;9,112261042;14819;9,1;UK
citizenM London Shoreditch;12100;18118;9,092004773;6888;9,1;UK
citizenM Tower of London;26294;41117;9,135591206;15710;9,1;UK
Claridge s;2348;2929;9,343949045;1095;9,3;UK
Clayton Crown Hotel London;24841;18370;7,995088044;5371;8;UK
Clayton Hotel Chiswick;18384;15363;8,47516269;6275;8,5;UK
Club Quarters Hotel Gracechurch;17779;19263;8,286219402;8975;8,2;UK
Club Quarters Hotel Lincoln s Inn Fields;13378;22257;9,022300263;9809;8,9;UK
Club Quarters Hotel St Paul s;25719;28465;8,468244085;14354;8,4;UK
Club Quarters Hotel Trafalgar Square;14994;16464;8,571111111;7642;8,5;UK
Comfort Inn Suites Kings Cross St Pancras;8109;7738;8,12239819;3279;8,1;UK
Commodore Hotel;31316;12451;6,554354669;5805;6,7;UK
COMO Metropolitan London;2105;2169;8,902797203;1666;9;UK
COMO The Halkin;147;497;9,268965517;370;9,3;UK
Conrad London St James;5248;5958;9,04301676;2351;9,1;UK
Copthorne Tara Hotel London Kensington;67252;50067;8,094242594;20204;8,1;UK
Corinthia Hotel London;3576;4755;9,48685446;1759;9,4;UK
Corus Hotel Hyde Park;26154;15084;7,52010772;8370;7,6;UK
Courthouse Hotel London;22716;12663;7,869780854;4612;8;UK
Courthouse Hotel Shoreditch;7278;5792;8,82972973;1317;8,9;UK
Covent Garden Hotel;1041;1619;9,587837838;552;9,4;UK
Crowne Plaza London Battersea;12332;11474;8,748896435;2679;8,8;UK
Crowne Plaza London Docklands;28466;27313;8,796960101;6367;8,8;UK
Crowne Plaza London Ealing;6124;6870;8,505811138;2249;8,5;UK
Crowne Plaza London Kensington;4837;5976;8,643606557;2169;8,7;UK
Crowne Plaza London Kings Cross;21289;14043;7,958291956;5521;8,1;UK
Crowne Plaza London The City;2976;3543;8,759345794;1118;8,6;UK
Danubius Hotel Regents Park;9941;8558;8,127824621;4558;8,1;UK
De Vere Devonport House;21105;18498;8,199026549;7434;8,2;UK
Dorset Square Hotel;2080;2393;9,013821138;1023;9;UK
Dorsett Shepherds Bush;26178;24705;8,61864139;12570;8,6;UK
DoubleTree by Hilton Hotel London Marble Arch;7377;5258;7,970823529;2623;8,1;UK
DoubleTree by Hilton Hotel London Tower of London;57308;50061;8,662764633;14027;8,7;UK
DoubleTree by Hilton London Chelsea;8787;8089;8,397272727;3227;8,3;UK
DoubleTree by Hilton London Docklands Riverside;56673;36564;8,063390778;7869;8,1;UK
DoubleTree by Hilton London Ealing;12026;11293;8,328970588;3818;8,4;UK
DoubleTree By Hilton London Excel;26005;25929;8,448702186;6949;8,4;UK
Doubletree By Hilton London Greenwich;17820;18190;8,771604938;4900;8,8;UK
DoubleTree by Hilton London Hyde Park;16261;15847;8,454391534;6122;8,4;UK
DoubleTree by Hilton London Islington;13842;14489;8,683938394;4807;8,6;UK
Doubletree by Hilton London Kensington;23738;14071;7,969375619;6322;8;UK
DoubleTree by Hilton London Victoria;18097;16690;8,442238946;5381;8,4;UK
DoubleTree by Hilton London West End;16313;13718;8,278401728;3833;8,3;UK
DoubleTree by Hilton London Westminster;21969;19673;8,49074819;5807;8,5;UK
Draycott Hotel;1655;2582;9,076744186;1238;9,2;UK
Dukes Hotel;1491;1026;8,801351351;401;8,6;UK
Durrants Hotel;14869;10676;8,001928375;5990;8,1;UK
Eccleston Square Hotel;3463;2790;8,298255814;1373;8,5;UK
Egerton House;465;1396;9,519736842;638;9,3;UK
every hotel Piccadilly;7297;9335;8,96778169;3674;8,8;UK
Fielding Hotel;9282;14588;8,782810368;4876;8,7;UK
Fifty Four Boutique Hotel;5649;5203;8,271935484;2260;8,2;UK
Flemings Mayfair;9456;8006;8,677154309;4328;8,7;UK
Four Seasons Hotel London at Park Lane;751;1605;9,37032967;605;9,3;UK
Gainsborough Hotel;25438;11116;6,676332094;4304;6,9;UK
Georgian House Hotel;7276;6675;8,35945122;1961;8,4;UK
Good Hotel London;13284;10480;8,122181146;2678;8,1;UK
Goodenough Club;7820;9052;8,639270386;4107;8,5;UK
Grand Royale London Hyde Park;65713;47296;7,615618661;16040;7,7;UK
Grange Beauchamp Hotel;5770;6056;8,582242991;1815;8,6;UK
Grange Blooms Hotel;3901;3330;8,257803468;1158;8,3;UK
Grange Buckingham Hotel;672;750;8,659183673;240;8,5;UK
Grange City Hotel;7306;6411;8,662962963;2107;8,7;UK
Grange Clarendon Hotel;7649;6064;8,053116531;2332;8,1;UK
Grange Fitzrovia Hotel;9402;6353;7,958461538;3018;8,1;UK
Grange Holborn Hotel;7236;5250;8,27700831;2131;8,4;UK
Grange Langham Court Hotel;6055;4240;7,973648649;1639;7,9;UK
Grange Rochester Hotel;7358;5526;8,10467033;2100;8,2;UK
Grange St Paul s Hotel;25888;17496;8,491507799;5989;8,5;UK
Grange Strathmore Hotel;9979;7274;8,097321429;2888;8;UK
Grange Tower Bridge Hotel;13384;11444;8,808985507;3390;8,7;UK
Grange Wellington Hotel;7481;7523;8,843691589;3335;8,8;UK
Grange White Hall Hotel;5430;3703;7,948571429;1003;7,9;UK
Great Northern Hotel A Tribute Portfolio Hotel London;11729;12331;8,756774194;4850;8,9;UK
Great St Helen Hotel;11914;7087;7,221923077;3271;7,4;UK
Grosvenor House A JW Marriott Hotel;5182;3290;7,765163934;1669;7,9;UK
Grosvenor House Suites by Jumeirah Living;1550;1124;8,551;1105;8,7;UK
H10 London Waterloo;9612;7441;8,403305785;3161;8,5;UK
Hallmark Hotel London Chigwell Prince Regent;14851;5370;6,566954644;2319;6,9;UK
Ham Yard Hotel;1836;2330;9,487943262;783;9,5;UK
Haymarket Hotel;1637;2428;9,590909091;1043;9,6;UK
Hazlitt s;3232;4926;9,062655602;1399;9;UK
Henley House Hotel;7420;8330;8,601909308;3336;8,6;UK
Henry VIII;29837;15179;6,785094851;5664;7;UK
Hilton London Angel Islington;8386;10096;8,68343465;4147;8,6;UK
Hilton London Bankside;13618;16644;9,277155655;5911;9,3;UK
Hilton London Canary Wharf;21654;25332;9,013497729;7200;9;UK
Hilton London Euston;11394;5390;7,120851064;2298;7,4;UK
Hilton London Green Park;11515;5891;7,27892562;2231;7,3;UK
Hilton London Hyde Park;5328;3657;7,644015444;1453;7,8;UK
Hilton London Kensington Hotel;38159;25931;7,776422764;6809;7,8;UK
Hilton London Metropole;65762;32156;7,315258752;13217;7,5;UK
Hilton London Olympia;21732;11496;7,26231721;4180;7,4;UK
Hilton London Paddington;21814;15731;8,097257926;8127;8,2;UK
Hilton London Tower Bridge;15808;11639;8,626092385;3292;8,7;UK
Hilton London Wembley;42953;33446;8,763403682;10440;8,8;UK
Holiday Inn London Bloomsbury;19609;17754;8,19375;7478;8,2;UK
Holiday Inn London Brent Cross;6956;5712;7,875288684;2079;7,9;UK
Holiday Inn London Camden Lock;10750;11101;8,733243243;3971;8,6;UK
Holiday Inn London Kensington;75255;36264;7,72359104;14266;7,8;UK
Holiday Inn London Kensington Forum;29293;20846;7,848202397;8187;7,8;UK
Holiday Inn London Mayfair;11213;8549;8,052395672;3511;8;UK
Holiday Inn London Oxford Circus;8803;5469;7,38822314;2331;7,5;UK
Holiday Inn London Regent s Park;12217;12570;8,175786925;4264;8,2;UK
Holiday Inn London Stratford City;16244;15112;8,679376258;5999;8,7;UK
Holiday Inn London Wembley;33928;26331;8,298863636;8081;8,3;UK
Holiday Inn London West;15950;9784;7,982738944;2969;8,1;UK
Holiday Inn London Whitechapel;5804;6070;8,648541114;1893;8,5;UK
Hotel 55;5951;6991;8,592727273;2156;8,5;UK
Hotel 82 London;21086;12549;7,46994382;6204;7,5;UK
Hotel Cafe Royal;5216;6147;9,205769231;2934;9,3;UK
Hotel Cavendish;25710;12149;6,442065217;4477;6,4;UK
Hotel du Vin Cannizaro House Wimbledon;6312;4129;8,30899654;1985;8,4;UK
Hotel Indigo London Kensington;5032;8331;9,229745042;2733;9,1;UK
Hotel Indigo London Paddington;4430;5282;8,722761194;2443;8,7;UK
Hotel Indigo London Tower Hill;4288;8900;9,338150289;2776;9,2;UK
Hotel La Place;2042;1855;7,6392;1075;7,6;UK
Hotel Moonlight;3524;7447;9,089122807;3393;9;UK
Hotel Xanadu;2272;1991;8,67578125;758;8,6;UK
Hotel Xenia Autograph Collection;3558;5242;9,075;2543;9;UK
Hyatt Regency London The Churchill;3581;3132;8,633984375;1605;8,7;UK
Innkeeper s Lodge London Greenwich;14456;13526;8,285090361;3833;8,2;UK
InterContinental London Park Lane;2682;2131;8,2925;1129;8,5;UK
Intercontinental London The O2;40591;50471;9,45119561;9340;9,4;UK
Jumeirah Carlton Tower;1194;835;8,382894737;506;8,6;UK
Jumeirah Lowndes Hotel;2138;2049;8,569565217;1409;8,6;UK
K K Hotel George;10417;11671;8,602826855;4557;8,5;UK
K West Hotel Spa;15169;13155;8,37480315;3420;8,4;UK
Karma Sanctum Soho Hotel;4172;2521;7,971502591;1022;8,1;UK
Kensington House Hotel;4765;5027;8,303345725;1460;8,2;UK
Kingsway Hall Hotel;12240;10038;8,474084919;3786;8,5;UK
Knightsbridge Hotel;2362;2488;9,100578035;1016;9,1;UK
La Suite West Hyde Park;6188;3892;7,740753425;2280;8;UK
Lancaster London;11934;10630;8,270660522;4270;8,3;UK
Landmark London;5922;7956;8,994320988;3337;9;UK
Lansbury Heritage Hotel;779;1076;9,5175;197;9,4;UK
Le Meridien Piccadilly;6450;2511;7,595769231;1356;7,6;UK
London Bridge Hotel;2338;2315;8,604191617;867;8,7;UK
London City Suites;12619;15017;8,997837838;7437;8,9;UK
London Elizabeth Hotel;6968;3634;6,968644068;1529;7;UK
London Hilton on Park Lane;6989;3625;7,69305136;1769;7,8;UK
London Marriott Hotel County Hall;5056;4161;8,545493562;1168;8,5;UK
London Marriott Hotel Grosvenor Square;7199;3251;7,7234375;1662;7,9;UK
London Marriott Hotel Kensington;3643;2539;7,985185185;842;8;UK
London Marriott Hotel Marble Arch;7641;7423;8,312291667;2571;8,2;UK
London Marriott Hotel Park Lane;1388;999;8,620512821;617;8,8;UK
London Marriott Hotel Regents Park;16330;12235;8,229255319;2984;8,3;UK
London Marriott Hotel West India Quay;24262;25936;8,978663065;7014;8,9;UK
London Marriott Maida Vale;9653;7158;8,027716186;1929;8,1;UK
London Suites;2781;1854;7,321052632;693;7,4;UK
M by Montcalm Shoreditch London Tech City;39646;40852;9,086357309;10326;9,1;UK
Malmaison London;12295;13731;8,691349934;4852;8,7;UK
Mandarin Oriental Hyde Park London;1558;1163;8,189411765;571;8,5;UK
Marlin Waterloo;1954;1696;8,354761905;345;8,6;UK
Mayflower Hotel Apartments;22890;14209;7,488014101;5366;7,5;UK
ME London by Melia;6508;8564;9,166242038;3384;9,2;UK
Megaro Hotel;11987;15169;8,856625;8764;8,8;UK
Melia White House Hotel;11801;9865;8,253506098;3720;8,3;UK
Mercure London Bloomsbury Hotel;10526;9105;8,445348837;3331;8,3;UK
Mercure London Bridge;7531;7004;8,362801932;2332;8,5;UK
Mercure London Hyde Park;4639;4981;8,650678733;1773;8,6;UK
Mercure London Kensington Hotel;12038;7279;7,46199095;3890;7,5;UK
Mercure London Paddington Hotel;12681;8374;7,552208202;6915;7,6;UK
Milestone Hotel Kensington;695;1927;9,572093023;945;9,5;UK
Millennium Copthorne Hotels at Chelsea Football Club;16000;11490;8,062713797;4671;8,2;UK
Millennium Gloucester Hotel London;56877;31838;7,673606238;14233;7,8;UK
Millennium Hotel London Knightsbridge;18717;10302;7,44836147;5431;7,5;UK
Millennium Hotel London Mayfair;25447;13881;7,634796488;6822;7,8;UK
Mimi s Hotel Soho;11007;8376;8,239487179;2284;8,3;UK
Mondrian London;28381;31488;9,110483365;12027;9,1;UK
Montagu Place Hotel;1403;2205;9,004504505;707;9,1;UK
Montcalm Royal London House City of London;12747;16773;9,194685315;3360;9,2;UK
My Bloomsbury;11920;7244;7,96349892;3054;8,1;UK
My Chelsea;7989;7167;8,18062201;3555;8,2;UK
New Linden Hotel;20661;14776;7,575114155;6450;7,6;UK
NH London Kensington;4163;3740;8,237777778;1789;8,2;UK
Norfolk Towers Paddington;36611;24237;7,884650555;9031;7,9;UK
Nottingham Place Hotel;5655;4815;8,158299595;1432;8,2;UK
Novotel London Blackfriars;6889;7135;8,719158879;2167;8,7;UK
Novotel London Canary Wharf;3010;3248;8,924657534;629;9;UK
Novotel London City South;5228;4771;8,586217949;1719;8,7;UK
Novotel London Excel;10195;8759;8,495993031;2863;8,5;UK
Novotel London Greenwich;7955;8049;8,585119048;2869;8,6;UK
Novotel London Paddington;6703;6223;8,438107417;2788;8,5;UK
Novotel London Tower Bridge;6536;5266;8,720822622;1933;8,6;UK
Novotel London Waterloo;6912;4090;8,01184669;1458;8,2;UK
Novotel London Wembley;18149;19975;8,905435651;6554;8,9;UK
Novotel London West;25848;19543;8,242244739;6288;8,3;UK
Number Sixteen;1757;1992;9,049425287;601;9,1;UK
Old Ship Inn Hackney;3408;3401;7,832857143;886;7,9;UK
One Aldwych;2209;2891;9,144852941;903;9,2;UK
Paddington Court Executive Rooms;5316;3993;7,902158273;1890;7,9;UK
Park Avenue Baker Street;18844;12602;7,665452409;5299;7,7;UK
Park Grand London Hyde Park;19625;13074;7,472527473;4601;7,5;UK
Park Grand London Kensington;39387;37524;8,477416221;16093;8,4;UK
Park Grand London Lancaster Gate;7341;12765;8,856834532;3598;8,8;UK
Park Grand Paddington Court;45302;41048;8,185839161;14254;8,1;UK
Park International Hotel;12306;7337;7,681673307;4305;7,8;UK
Park Lane Mews Hotel;26886;13094;6,897256386;7530;7;UK
Park Plaza County Hall London;45842;37976;8,369545659;11634;8,4;UK
Park Plaza London Park Royal;5004;4236;8,901015228;807;8,9;UK
Park Plaza London Riverbank;52454;33584;8,22893401;11024;8,3;UK
Park Plaza London Waterloo;14023;11800;8,666485507;2855;8,8;UK
Park Plaza Sherlock Holmes London;11171;9599;8,092567568;3087;8,2;UK
Park Plaza Victoria London;25710;23110;8,546500347;12994;8,6;UK
Park Plaza Westminster Bridge London;85727;66532;8,652866395;25252;8,7;UK
Pestana Chelsea Bridge Hotel Spa;11217;10316;8,519577465;5581;8,6;UK
Portobello House;2159;2525;8,558778626;775;8,4;UK
Pullman London St Pancras;18093;20619;8,899838969;8776;8,9;UK
Radisson Blu Edwardian Berkshire;10429;7626;8,057657658;3676;8,1;UK
Radisson Blu Edwardian Bloomsbury Street;17949;13923;8,588713318;4296;8,6;UK
Radisson Blu Edwardian Grafton;27625;22572;8,377843427;9185;8,3;UK
Radisson Blu Edwardian Hampshire;13136;10530;8,697704448;3528;8,7;UK
Radisson Blu Edwardian Kenilworth;22057;14756;8,219214437;5906;8,2;UK
Radisson Blu Edwardian Mercer Street;13193;12160;8,727770535;4830;8,7;UK
Radisson Blu Edwardian New Providence Wharf;18705;22416;9,007839721;4634;9;UK
Radisson Blu Edwardian Sussex;10931;7566;7,873298429;3936;8;UK
Radisson Blu Edwardian Vanderbilt;26672;21711;8,171956857;7322;8,2;UK
Radisson Blu Portman Hotel London;17991;10047;7,791129032;5437;7,9;UK
Rafayel Hotel Spa;22025;12367;7,845348837;3930;8;UK
Rathbone;5379;5600;8,287288136;2095;8,3;UK
Rocco Forte Brown s Hotel;644;643;9,104081633;338;9,1;UK
Rosewood London;4667;8173;9,448974359;3062;9,4;UK
Royal Garden Hotel;13549;14089;8,822196796;7717;8,8;UK
Rubens At The Palace;10643;16515;8,890588235;4103;8,7;UK
Rydges Kensington Hotel;10468;8479;8,211895161;2659;8,1;UK
Saint Georges Hotel;15071;9548;7,406868132;5975;7,5;UK
San Domenico House;1874;1931;8,883606557;1154;9;UK
Sanderson A Morgans Hotel;5025;5775;9,086111111;3234;9;UK
Seraphine Kensington Gardens Hotel;7885;4650;7,453870968;2069;7,4;UK
Shaftesbury Hyde Park International;20690;17734;7,961904762;5781;8;UK
Shaftesbury Metropolis London Hyde Park;22603;16258;7,685479452;6286;7,7;UK
Shaftesbury Premier London Paddington;39003;18691;7,224385511;8798;7,3;UK
Shaftesbury Suites London Marble Arch;5548;3806;8,014532872;1945;8,1;UK
Shangri La Hotel at The Shard London;16077;20184;9,368553459;5449;9,4;UK
Shepherd s Bush Boutique Hotel;12198;9799;8,040489642;3956;8;UK
Sheraton Grand London Park Lane;2804;1304;7,947826087;851;8,1;UK
Simply Rooms Suites;2073;1467;7,639130435;560;7,7;UK
Sloane Square Hotel;8231;6549;8,256926407;3393;8,2;UK
Sofitel London St James;4977;6673;9,223863636;2842;9,2;UK
South Place Hotel;5555;8076;9,267177914;2382;9,3;UK
St Ermin s Hotel Autograph Collection;6520;6698;8,87578125;2254;8,9;UK
St George Hotel;3082;1558;7,01147541;556;7,4;UK
St George s Hotel Wembley;20883;24332;8,949587459;6617;8,9;UK
St James Court A Taj Hotel London;35449;36640;8,715024155;11389;8,7;UK
St James Hotel Club Mayfair;2945;2058;8,611851852;1333;8,7;UK
St Martins Lane A Morgans Original;6972;9114;9,073577236;4365;9;UK
St Pancras Renaissance Hotel London;24654;18822;8,731473409;7485;8,8;UK
St Paul s Hotel;5783;8637;8,961942257;3176;9;UK
Staunton Hotel B B;3616;4034;8,4;1531;8,3;UK
Staybridge Suites London Stratford;6707;9522;9,204693878;2755;9,2;UK
Staybridge Suites London Vauxhall;2165;5878;9,318852459;2294;9,2;UK
Strand Palace Hotel;76687;56897;8,128853383;26699;8,1;UK
Sydney House Chelsea;3929;4541;8,696511628;1992;8,7;UK
Taj 51 Buckingham Gate Suites and Residences;984;2958;9,554887218;903;9,5;UK
Ten Manchester Street Hotel;3278;3777;8,848165138;2260;8,8;UK
The Abbey Court Notting Hill;1697;1728;7,878888889;676;7,8;UK
The Academy;6606;4504;7,890697674;2224;7,8;UK
The Ampersand Hotel;5538;7569;9,185340314;2460;9,1;UK
The Arch London;1702;3712;9,239267016;1666;9,1;UK
The Athenaeum;4115;3311;7,978306878;1889;8,1;UK
The Bailey s Hotel London;18823;19963;8,69410609;6640;8,7;UK
The Beaufort;2905;3446;8,834761905;1577;8,8;UK
The Beaumont Hotel;1229;2180;9,490833333;992;9,4;UK
The Belgrave Hotel;14886;18224;8,753396029;6617;8,6;UK
The Berkeley;1553;1400;9,064;800;9,1;UK
The Bloomsbury Hotel;9102;10131;9,061966605;3585;9;UK
The Bryson Hotel;3111;2306;7,808461538;779;7,8;UK
The Capital;1463;2251;9,06137931;1355;9;UK
The Cavendish London;6235;6985;8,888701923;2166;8,8;UK
The Chamberlain;12270;22131;9,035294118;8858;8,9;UK
The Chelsea Harbour Hotel;9510;7774;8,568727273;3548;8,6;UK
The Chesterfield Mayfair;4830;10230;9,237136929;3806;9,1;UK
The Cleveland;5252;6297;8,216262976;2520;8,2;UK
The Colonnade;4383;3793;7,668656716;1425;7,8;UK
The Connaught;727;659;9,288888889;255;9,3;UK
The Cranley Hotel;4778;2701;7,698125;1403;7,8;UK
The Cumberland A Guoman Hotel;36040;19540;7,347705915;11352;7,5;UK
The Curtain;979;652;8,883333333;122;9,1;UK
The Dorchester Dorchester Collection;2806;3164;9,203555556;1277;9,1;UK
The Drayton Court Hotel;6977;8516;8,764705882;2704;8,8;UK
The Exhibitionist Hotel;17174;15473;8,354104478;4859;8,4;UK
The Franklin Hotel Starhotels Collezione;502;675;8,907142857;207;8,8;UK
The Gore Hotel Starhotels Collezione;9879;10375;8,568330134;3596;8,6;UK
The Goring;1085;1692;9,438235294;872;9,4;UK
The Grand at Trafalgar Square;12731;10451;8,316643929;5115;8,3;UK
The Grosvenor;32524;24866;8,349769281;8172;8,4;UK
The Hari London;2488;4798;9,201276596;2134;9,2;UK
The Henrietta Hotel;246;404;9,185185185;118;9,2;UK
The Hoxton Holborn;9376;15700;9,225298013;4919;9,2;UK
The Hoxton Shoreditch;10812;12328;9,001325479;3949;9;UK
The Justin James Hotel;4491;4619;8,292692308;2146;8,3;UK
The Kensington Hotel;5340;5393;8,72972973;1458;8,7;UK
The Kings Head Hotel;1449;2164;9,036046512;464;8,9;UK
The LaLit London;1259;1607;9,212903226;488;9,3;UK
The Lanesborough;310;485;9,429032258;126;9,4;UK
The Langham London;6929;10927;9,274776386;4709;9,3;UK
The Laslett;4978;4897;8,8684;1570;8,9;UK
The Leonard Hotel;7751;6485;8,157701149;4078;8,2;UK
The Levin Hotel;729;1146;9,373015873;423;9,1;UK
The Lodge Hotel Putney;6650;4961;8,107070707;1965;8,2;UK
The London EDITION;2186;2127;9,129078014;1090;9,1;UK
The Mandeville Hotel;13388;12601;8,444444444;7523;8,5;UK
The Marble Arch London;9805;7548;8,07201426;4339;8,1;UK
The Marylebone Hotel;11191;12025;8,857016248;3659;8,9;UK
The May Fair Hotel;16081;11900;8,327875;3989;8,4;UK
The Montague On The Gardens;4508;9336;9,375603865;2948;9,3;UK
The Montcalm At Brewery London City;26391;25691;8,762186788;12008;8,8;UK
The Montcalm Marble Arch;13222;19550;8,973232799;8708;8,9;UK
The Nadler Kensington;6790;11013;9,009775967;4796;9;UK
The Nadler Soho;5911;10223;9,155804481;3275;9;UK
The Nadler Victoria;6748;13198;9,312146423;4557;9,3;UK
The Ned;6437;5697;9,177431907;1486;9,3;UK
The Park City Grand Plaza Kensington Hotel;4367;4548;8,498297872;1243;8,3;UK
The Park Grand London Paddington;38734;27291;7,711468927;8790;7,7;UK
The Park Tower Knightsbridge a Luxury Collection Hotel;4727;2585;8,034545455;2031;8,2;UK
The Pelham Starhotels Collezione;5776;5052;8,5566787;2782;8,6;UK
The Piccadilly London West End;13152;23102;9,083822222;9314;9;UK
The Pillar Hotel;2286;1469;8,396039604;539;8,6;UK
The Portobello Hotel;1200;2167;9,032323232;489;8,9;UK
The Premier Notting Hill;28168;15812;7,394312306;5803;7,3;UK
The Principal London;29447;23119;8,029333333;8340;8;UK
The Queens Gate Hotel;20362;18740;8,188939257;7955;8,2;UK
The RE London Shoreditch;19226;12809;7,774468085;5987;7,8;UK
The Rembrandt;12481;13159;8,594101124;4486;8,5;UK
The Ritz London;4823;7518;9,416995074;2205;9,3;UK
The Rockwell;10685;11886;8,58115942;4182;8,6;UK
The Rookery;3550;5492;9,136015326;1808;9,1;UK
The Royal Horseguards;16336;17723;8,922689938;5581;8,9;UK
The Royal Park Hotel;2879;3284;8,750684932;1304;8,7;UK
The Savoy;7678;10075;9,337962963;3185;9,4;UK
The Soho Hotel;1699;3247;9,597452229;1171;9,5;UK
The Stafford London;3803;3838;9,059;1952;9,1;UK
The Sumner Hotel;4381;5171;8,583834586;1744;8,5;UK
The Tophams Hotel;5324;2061;6,48;889;6,6;UK
The Tower A Guoman Hotel;30187;28473;8,702625821;9273;8,6;UK
The Trafalgar Hilton;7927;4863;8,071900826;1809;8,1;UK
The Victoria;3900;3135;8,27037037;1308;8,3;UK
The Waldorf Hilton;18699;12010;8,339375;3383;8,4;UK
The Wellesley Knightsbridge a Luxury Collection Hotel London;957;913;9,094805195;630;9;UK
The Westbourne Hyde Park;4453;5411;8,752363636;2000;8,9;UK
The Westbridge Hotel;8729;12153;8,983333333;3028;9;UK
The Westbury A Luxury Collection Hotel Mayfair London;5290;3333;8,140138408;2157;8,2;UK
The Whitechapel;6431;4938;7,634824281;1526;7,6;UK
The Zetter Hotel;2638;3850;8,931638418;1265;8,9;UK
The Zetter Townhouse Clerkenwell;590;695;8,967741935;214;9,1;UK
The Zetter Townhouse Marylebone;1010;1532;9,391463415;743;9,3;UK
TheWesley;23738;17829;8,024082363;7674;8;UK
Thistle Euston;19248;17762;8,263673806;6386;8,3;UK
Thistle Holborn The Kingsley;12265;13395;8,551480959;4344;8,5;UK
Thistle Hyde Park;6350;4816;7,690301003;1408;7,8;UK
Thistle Kensington Gardens;13952;14529;8,252668213;5107;8,2;UK
Thistle Trafalgar Square The Royal Trafalgar;8048;6631;8,429122056;3025;8,4;UK
Threadneedles Autograph Collection;2821;3362;8,813265306;1158;8,8;UK
Twenty Nevern Square Hotel;17678;16374;8,323969072;6269;8,3;UK
United Lodge Hotel and Apartments;6068;4838;7,383856502;1059;7,5;UK
W London Leicester Square;7296;4075;8,312359551;1173;8,4;UK
W12 Rooms;6522;8476;8,745925926;2265;8,7;UK
Washington Mayfair Hotel;13768;9517;7,90944206;4122;7,9;UK
Windermere Hotel;963;2281;8,950526316;590;8,7;UK
